ID,Gender,Status,Est Income,Age,LocalBilltype,LongDistanceBilltype,Usage,CHURN
1,F,S,38000,24,Budget,Intnl_discount,229.64,T
6,M,M,29616,49,FreeLocal,Standard,75.29,T
8,M,M,19732.8,51,FreeLocal,Standard,47.25,T
11,M,S,96.33,56,Budget,Standard,59.01,T
14,F,M,52004.8,25,Budget,Intnl_discount,28.14,T
17,M,M,53010.8,19,FreeLocal,Standard,58.87,T
18,M,M,75004.5,65,Budget,Intnl_discount,58.72,T
21,M,M,19749.3,60,Budget,Standard,34.17,T
22,M,S,57626.9,44,Budget,Standard,48.35,T
23,M,M,20078,33,Budget,Intnl_discount,15.98,T
24,F,M,47902,26,FreeLocal,Standard,72.31,T
29,M,M,7545.96,17,Budget,Standard,200.75,T
35,F,S,78851.3,48,FreeLocal,Standard,29.04,T
36,F,S,17540.7,63,Budget,Standard,36.2,T
37,F,M,83891.9,61,Budget,Standard,74.4,T
38,F,M,28220.8,39,FreeLocal,Standard,38.95,T
40,F,S,28589.1,16,FreeLocal,Standard,100.28,T
42,F,M,5237.63,49,Budget,Standard,78.02,T
45,M,S,89459.9,53,FreeLocal,Standard,36.05,T
48,F,S,13576.5,39,Budget,Standard,40.49,T
52,F,M,67388,53,Budget,Standard,96.33,T
53,F,M,57063,52,Budget,Standard,98.1,T
54,F,M,84166.1,54,Budget,Standard,15.02,T
60,F,S,7737.94,43,FreeLocal,Standard,61.9,T
61,M,S,100020,50,Budget,Standard,314.62,T
62,F,M,45287.6,29,Budget,Standard,2.97,T
63,F,M,59613.1,34,Budget,Intnl_discount,175.78,T
65,F,S,16326.7,51,FreeLocal,Intnl_discount,1.34,T
68,F,S,9559.78,51,FreeLocal,Standard,77.91,T
71,F,M,42031.8,51,Budget,Intnl_discount,59.78,T
73,F,M,83284.1,28,FreeLocal,Intnl_discount,35.96,T
74,M,M,39229.1,26,Budget,Intnl_discount,47.1,T
75,F,S,68427.4,42,FreeLocal,Standard,73.81,T
77,M,S,3601.71,49,Budget,Intnl_discount,125.6,T
78,F,M,72642.6,28,FreeLocal,Intnl_discount,39,T
79,F,S,98716.3,56,FreeLocal,Standard,43.13,T
80,F,S,66182.7,62,Budget,Standard,58.87,T
81,F,M,84789.3,50,FreeLocal,Standard,33.47,T
83,F,M,35976.5,49,FreeLocal,Intnl_discount,50.63,T
84,F,M,32703.1,65,Budget,Intnl_discount,72.89,T
85,F,M,77129.1,62,FreeLocal,Intnl_discount,44.85,T
86,F,M,8204.72,53,FreeLocal,Standard,39.79,T
87,M,M,97180.4,51,FreeLocal,Standard,63.51,T
88,F,M,80405.1,60,FreeLocal,Standard,28.98,T
89,F,S,38280,34,FreeLocal,Intnl_discount,86.61,T
90,M,S,64136.6,61,FreeLocal,Intnl_discount,142.37,T
92,F,M,45429.7,62,FreeLocal,Standard,97.74,T
94,F,S,25285.5,54,FreeLocal,Standard,21.3,T
95,F,M,77551.1,34,Budget,Intnl_discount,62.42,T
96,F,M,38538.4,12,FreeLocal,Standard,47.66,T
97,F,S,69350.5,57,FreeLocal,Standard,27.86,T
104,M,S,43634.5,22,Budget,Standard,143.5,T
108,F,S,13109.1,63,Budget,Standard,62.87,T
109,M,S,92647.5,56,Budget,Standard,32.13,T
110,F,S,21021.6,63,Budget,Standard,14.95,T
111,M,S,74460.7,55,FreeLocal,Standard,206.46,T
114,F,S,28787.4,42,Budget,Standard,86.06,T
117,M,M,13091.6,59,Budget,Intnl_discount,43.06,T
120,F,M,62061.8,46,FreeLocal,Standard,82.08,T
121,F,M,20550.9,22,Budget,Standard,85.64,T
124,M,M,1765.41,19,FreeLocal,Standard,47.99,T
127,F,S,19131.1,56,Budget,Standard,57.07,T
130,F,S,83073.7,40,Budget,Standard,3.2,T
133,M,M,42750.3,50,Budget,Intnl_discount,134.97,T
135,F,S,2842.55,46,Budget,Intnl_discount,0.79,T
136,M,M,22358.1,53,Budget,Standard,29.25,T
138,M,M,47870.8,27,FreeLocal,Standard,13.82,T
139,F,S,6440.46,53,Budget,Standard,49.86,T
140,F,S,7325.5,37,FreeLocal,Intnl_discount,190.06,T
142,M,M,28766.9,47,Budget,Standard,64.2,T
148,M,M,91272.2,25,FreeLocal,Standard,40,T
154,M,S,65000,46,FreeLocal,Intnl_discount,137,T
158,M,M,1406.05,19,Budget,Standard,26.72,T
160,F,S,73228.3,62,Budget,Standard,50.58,T
161,F,S,76231.9,64,FreeLocal,Standard,152.76,T
166,M,M,64792.3,52,FreeLocal,Standard,51.41,T
169,F,S,93322.1,40,Budget,Intnl_discount,38.72,T
174,M,M,63437.3,64,Budget,Intnl_discount,14.98,T
178,M,M,49910.7,52,Budget,Standard,51.14,T
180,M,M,76161.4,45,FreeLocal,Standard,37.55,T
181,F,M,55860,15,FreeLocal,Intnl_discount,26.37,T
182,F,S,12686,65,Budget,Standard,103.88,T
190,M,M,57360.8,53,FreeLocal,Standard,67.61,T
191,M,M,92414.7,46,FreeLocal,Standard,40.06,T
192,M,M,60102.7,42,FreeLocal,Standard,72.29,T
194,F,M,17888.7,55,Budget,Standard,361.88,T
195,F,S,12526.3,54,FreeLocal,Intnl_discount,40.59,T
198,F,S,14578.8,61,Budget,Standard,107.02,T
201,M,M,78572.2,42,FreeLocal,Standard,51.09,T
203,F,M,48238.8,35,FreeLocal,Standard,191.32,T
205,F,M,28770.9,12,FreeLocal,Standard,49.6,T
206,F,M,87578.2,53,Budget,Standard,22.44,T
207,F,M,86695.4,14,FreeLocal,Standard,58.03,T
209,F,S,76791.2,61,Budget,Intnl_discount,43.71,T
213,F,D,30763.8,14,Budget,Standard,57.17,T
214,F,M,3193.6,54,Budget,Standard,118.82,T
215,M,M,69680.9,16,FreeLocal,Intnl_discount,39.8,T
218,F,M,83287,45,FreeLocal,Intnl_discount,119.82,T
219,M,S,2056.06,19,Budget,Standard,58.8,T
220,F,M,7776.6,36,FreeLocal,Standard,94.2,T
221,M,M,2067.82,48,Budget,Intnl_discount,85.9,T
222,M,S,66666,52,Budget,Standard,20.74,T
224,F,M,69343.3,42,FreeLocal,Standard,21.91,T
225,F,M,77000,55,Budget,Standard,24.46,T
228,F,M,14932.5,52,Budget,Intnl_discount,11.42,T
229,F,S,27498.1,42,Budget,Intnl_discount,12.08,T
231,F,M,21419.9,60,FreeLocal,Standard,129.51,T
232,F,M,30665.2,23,FreeLocal,Standard,77.44,T
233,F,M,66000,63,FreeLocal,Intnl_discount,37.04,T
234,F,M,50561.3,52,Budget,Standard,129.91,T
236,F,S,23464,70,Budget,Intnl_discount,64.14,T
237,F,M,194.57,42,FreeLocal,Standard,67.21,T
238,F,M,98680.4,55,FreeLocal,Intnl_discount,26.44,T
239,M,M,65619.7,46,Budget,Standard,158.22,T
240,F,M,95620.3,52,Budget,Standard,104.53,T
241,F,S,85275,47,FreeLocal,Intnl_discount,174.09,T
242,F,M,66921.4,43,FreeLocal,Intnl_discount,24.67,T
243,F,M,98453.6,46,FreeLocal,Standard,25.38,T
244,F,M,94026.8,28,FreeLocal,Intnl_discount,35.63,T
246,F,S,57420,61,Budget,Standard,277.72,T
247,M,M,77000,44,FreeLocal,Standard,34.35,T
249,M,M,47639.1,48,Budget,Intnl_discount,57.11,T
250,F,M,63234.5,52,FreeLocal,Intnl_discount,1.16,T
254,F,M,18296.4,43,FreeLocal,Standard,10.47,T
255,F,S,39461,22,FreeLocal,Standard,126.68,T
257,F,S,68000,60,FreeLocal,Standard,86.12,T
260,F,M,52957,40,FreeLocal,Standard,151.32,T
261,F,S,86747.1,65,Budget,Standard,57.4,T
263,F,M,87404.6,63,Budget,Standard,160.84,T
264,M,S,20919,28,FreeLocal,Intnl_discount,164.54,T
265,F,M,85394,20,Budget,Intnl_discount,35.69,T
266,F,S,2121.36,40,FreeLocal,Standard,38.8,T
267,F,M,63566.1,56,Budget,Intnl_discount,73.03,T
270,F,S,89813.6,13,FreeLocal,Intnl_discount,166.18,T
272,F,M,82644.2,33,FreeLocal,Intnl_discount,41.85,T
273,F,S,27783.6,14,FreeLocal,Standard,29.58,T
276,F,M,60485.5,42,Budget,Intnl_discount,40.41,T
279,F,M,809.43,32,FreeLocal,Intnl_discount,2.89,T
280,M,S,76529.8,58,Budget,Standard,43.89,T
281,F,M,34577.7,63,Budget,Standard,145.75,T
283,F,M,80000,48,Budget,Standard,73.02,T
284,F,S,19008.4,52,FreeLocal,Standard,147.74,T
285,F,M,98056.3,56,FreeLocal,Standard,150.67,T
286,M,M,73400,64,Budget,Standard,2.21,T
288,M,M,78894.2,28,Budget,Intnl_discount,46.65,T
289,M,S,16432.1,21,Budget,Intnl_discount,109.78,T
290,M,M,62797.9,54,Budget,Intnl_discount,68.09,T
291,M,S,71329.9,42,Budget,Standard,63.75,T
295,F,S,20913.6,53,FreeLocal,Standard,95.93,T
298,F,S,540.4,39,Budget,Intnl_discount,20.1,T
302,M,M,67339.8,17,FreeLocal,Intnl_discount,81.72,T
304,M,M,75799.9,46,FreeLocal,Intnl_discount,94.06,T
305,F,S,15688.5,53,Budget,Standard,22.42,T
306,F,S,43382.3,16,FreeLocal,Standard,138.37,T
308,F,S,5185.31,62,FreeLocal,Intnl_discount,52.9,T
309,F,S,41000,16,Budget,Standard,134.45,T
310,F,S,32098,22,Budget,Intnl_discount,106.53,T
312,F,M,80087.7,42,FreeLocal,Standard,31.56,T
313,F,M,59691.3,38,Budget,Standard,278.65,T
315,F,S,11251.1,61,FreeLocal,Standard,141.91,T
317,M,M,70908.7,50,FreeLocal,Standard,55.47,T
318,M,S,94928.3,40,FreeLocal,Standard,93.78,T
320,F,M,50622.3,40,FreeLocal,Standard,112.72,T
322,M,M,78000,52,FreeLocal,Intnl_discount,39.32,T
326,M,M,100020,52,Budget,Standard,92.37,T
329,F,M,56722.8,61,FreeLocal,Standard,74.77,T
331,M,M,80000,53,Budget,Intnl_discount,3.22,T
332,F,S,3416.62,23,Budget,Standard,123.7,T
333,F,M,73400,56,Budget,Standard,10.39,T
334,M,M,120000,53,FreeLocal,Standard,40.9,T
335,F,M,8032.16,46,FreeLocal,Standard,88.77,T
336,F,S,93454.3,49,FreeLocal,Standard,44.13,T
337,M,M,5745,15,FreeLocal,Standard,44.11,T
338,F,S,83287,77,Budget,Standard,215.96,T
339,F,S,92564.1,49,FreeLocal,Standard,74.86,T
341,M,S,86448.2,38,Budget,Intnl_discount,90.25,T
343,F,M,48322.5,49,FreeLocal,Standard,50.29,T
346,F,M,81913.8,50,FreeLocal,Standard,53.03,T
349,F,S,919.93,38,Budget,Standard,120.71,T
350,F,M,69486.8,31,Budget,Standard,17.11,T
351,F,M,24482.8,34,Budget,Intnl_discount,2,T
353,F,M,14573.6,65,Budget,Standard,263.58,T
354,F,M,92103.8,52,Budget,Standard,14.86,T
355,F,S,8392.14,37,Budget,Intnl_discount,87.16,T
356,F,S,17138.2,64,FreeLocal,Intnl_discount,104.69,T
358,F,M,47010.1,57,Budget,Intnl_discount,167.31,T
360,F,S,67239.4,44,FreeLocal,Intnl_discount,66.7,T
361,M,M,69406.7,30,FreeLocal,Standard,142.23,T
363,F,M,83259.3,51,Budget,Standard,4.46,T
365,M,S,60095.2,23,Budget,Standard,117.85,T
370,F,M,2185.6,53,Budget,Standard,28.07,T
372,M,M,76511.3,62,FreeLocal,Standard,42.52,T
374,F,M,6946.07,23,FreeLocal,Standard,34.61,T
375,F,M,11234.7,49,Budget,Standard,113.42,T
377,F,M,36660.9,40,Budget,Intnl_discount,3.36,T
379,F,M,68462.8,34,FreeLocal,Standard,90.84,T
382,F,M,72841.3,47,Budget,Standard,82.53,T
383,F,M,63670.8,46,FreeLocal,Standard,78.87,T
384,M,S,83287,45,Budget,Standard,70.7,T
385,F,S,66000,45,Budget,Standard,120.53,T
386,M,M,12387.6,56,FreeLocal,Standard,93.85,T
388,F,M,82931.3,65,FreeLocal,Standard,137.25,T
389,F,M,57483.9,44,Budget,Standard,44.3,T
391,F,S,21274,46,FreeLocal,Standard,43.31,T
392,F,M,28267,30,FreeLocal,Standard,214.41,T
394,F,M,36725.1,56,Budget,Standard,94.88,T
398,M,S,94188.3,58,Budget,Standard,41.51,T
401,F,M,91861,42,Budget,Standard,22.06,T
404,F,S,12374.9,33,FreeLocal,Standard,123.59,T
405,F,M,69133.9,27,FreeLocal,Standard,46.32,T
407,F,M,84948,29,FreeLocal,Intnl_discount,23.73,T
408,F,M,30998.8,41,Budget,Standard,52.91,T
410,M,S,15924.2,14,FreeLocal,Standard,1.46,T
414,M,M,21416.5,36,FreeLocal,Intnl_discount,27.61,T
418,M,M,78554.2,17,Budget,Standard,35.88,T
419,M,S,3960.5,15,FreeLocal,Standard,96.13,T
421,M,M,60101.1,64,FreeLocal,Standard,157.96,T
422,F,M,38215.9,31,Budget,Standard,0.97,T
423,F,M,13829.4,22,FreeLocal,Standard,176.61,T
424,F,M,49745.3,48,Budget,Intnl_discount,27.28,T
426,F,M,88427,14,Budget,Standard,69.97,T
427,F,M,98003.7,26,FreeLocal,Intnl_discount,84.42,T
428,M,S,89142.7,33,Budget,Intnl_discount,16.91,T
429,F,S,74530.8,63,FreeLocal,Intnl_discount,127.89,T
431,F,S,35000,23,Budget,Standard,265.78,T
436,F,M,76289.2,48,Budget,Intnl_discount,104.63,T
438,M,M,66931.9,64,Budget,Standard,17.46,T
439,F,D,9309.57,24,FreeLocal,Standard,108.3,T
440,F,M,14085.5,23,FreeLocal,Intnl_discount,48.08,T
441,F,S,32962.6,19,Budget,Intnl_discount,168.28,T
442,F,S,40000,20,Budget,Standard,65.79,T
443,F,S,33330,21,Budget,Standard,41.78,T
444,F,S,32098,22,Budget,Intnl_discount,23.52,T
445,F,S,30090,24,FreeLocal,Standard,62.95,T
446,F,S,40120,24,Budget,Standard,134.75,T
450,F,M,90271.6,45,FreeLocal,Standard,110.4,T
455,F,M,64816.6,31,Budget,Standard,27.87,T
456,F,M,98217.1,45,FreeLocal,Standard,42.74,T
458,F,S,2929.13,54,Budget,Intnl_discount,102.23,T
460,F,M,41876.6,44,FreeLocal,Standard,139.44,T
461,M,M,96223.4,65,FreeLocal,Standard,18.18,T
462,F,S,15989.3,62,Budget,Intnl_discount,29.17,T
463,M,M,69168.4,62,Budget,Standard,234.91,T
464,M,M,92148.5,33,Budget,Intnl_discount,113.68,T
465,M,M,96681,20,Budget,Standard,73.76,T
466,M,S,62705.9,32,FreeLocal,Intnl_discount,33.44,T
467,M,S,80221.2,29,FreeLocal,Standard,50.48,T
468,M,S,84479.2,30,FreeLocal,Standard,56.23,T
469,F,M,64977.4,38,FreeLocal,Standard,45.77,T
470,F,M,77994,51,FreeLocal,Standard,102.02,T
471,M,M,90103.7,35,Budget,Intnl_discount,66.45,T
472,F,M,59008.4,30,Budget,Standard,31.59,T
473,M,M,5265.35,53,Budget,Intnl_discount,31.1,T
474,M,S,84978.1,22,FreeLocal,Intnl_discount,88.79,T
475,F,M,36647.9,50,Budget,Intnl_discount,107.38,T
476,F,S,64319.2,41,Budget,Intnl_discount,40.16,T
477,F,S,73338,48,Budget,Intnl_discount,29.93,T
478,F,S,433.74,61,FreeLocal,Standard,44.22,T
479,F,M,16962.2,45,Budget,Standard,27.57,T
481,M,M,10708.3,26,Budget,Intnl_discount,142.95,T
484,F,M,2031.61,20,Budget,Standard,109.04,T
488,F,S,16938.5,55,FreeLocal,Standard,22.11,T
491,F,M,55221,42,FreeLocal,Standard,15.69,T
492,F,M,8073.11,43,FreeLocal,Standard,89.05,T
493,M,M,95448.6,54,Budget,Standard,29.46,T
494,M,S,24141.5,17,FreeLocal,Standard,125.87,T
495,M,S,63152.6,63,Budget,Intnl_discount,70.01,T
497,M,S,72084.7,56,Budget,Intnl_discount,38.13,T
498,F,S,42760.5,46,Budget,Standard,53.7,T
499,F,S,49072,47,Budget,Intnl_discount,34.25,T
500,F,M,27371.8,48,FreeLocal,Standard,142.7,T
504,M,M,71472.9,42,Budget,Standard,130.22,T
505,F,M,95405.7,42,Budget,Standard,13.96,T
506,F,S,95786.8,43,Budget,Standard,108.79,T
508,M,S,90321.6,30,FreeLocal,Intnl_discount,12.39,T
509,M,S,90478.6,55,FreeLocal,Standard,154.49,T
510,F,M,56187,42,Budget,Standard,21.83,T
513,F,S,37000,24,Budget,Intnl_discount,229.64,T
518,M,M,29616,49,FreeLocal,Standard,75.29,T
520,M,M,19732.8,51,FreeLocal,Standard,47.25,T
523,M,S,96.33,56,Budget,Standard,59.01,T
526,F,M,52004.8,25,Budget,Intnl_discount,28.14,T
529,M,M,53010.8,19,FreeLocal,Standard,58.87,T
530,M,M,75004.5,65,Budget,Intnl_discount,58.72,T
533,M,M,19749.3,60,Budget,Standard,34.17,T
534,M,S,57626.9,44,Budget,Standard,48.35,T
535,M,M,20078,33,Budget,Intnl_discount,15.98,T
536,F,M,47902,26,FreeLocal,Standard,72.31,T
541,M,M,7545.96,17,Budget,Standard,200.75,T
547,F,S,78851.3,48,FreeLocal,Standard,29.04,T
548,F,S,17540.7,63,Budget,Standard,36.2,T
549,F,M,83891.9,61,Budget,Standard,74.4,T
550,F,M,28220.8,39,FreeLocal,Standard,38.95,T
552,F,S,28589.1,16,FreeLocal,Standard,100.28,T
554,F,M,5237.63,49,Budget,Standard,78.02,T
557,M,S,89459.9,53,FreeLocal,Standard,36.05,T
560,F,S,13576.5,39,Budget,Standard,40.49,T
561,F,S,81710.9,59,FreeLocal,Standard,36.42,T
564,F,M,67388,53,Budget,Standard,96.33,T
565,F,M,57063,52,Budget,Standard,98.1,T
566,F,M,84166.1,54,Budget,Standard,15.02,T
572,F,S,7737.94,43,FreeLocal,Standard,61.9,T
573,M,S,100020,48,Budget,Standard,314.62,T
574,F,M,45287.6,29,Budget,Standard,2.97,T
575,F,M,59613.1,34,Budget,Intnl_discount,175.78,T
577,F,S,16326.7,51,FreeLocal,Intnl_discount,1.34,T
580,F,S,9559.78,51,FreeLocal,Standard,77.91,T
583,F,M,42031.8,51,Budget,Intnl_discount,59.78,T
585,F,M,83284.1,28,FreeLocal,Intnl_discount,35.96,T
586,M,M,39229.1,26,Budget,Intnl_discount,47.1,T
587,F,D,68427.4,42,FreeLocal,Standard,73.81,T
589,M,S,3601.71,49,Budget,Intnl_discount,125.6,T
591,F,S,98716.3,56,FreeLocal,Standard,43.13,T
592,F,S,66182.7,62,Budget,Standard,58.87,T
593,F,S,84789.3,50,FreeLocal,Standard,33.47,T
595,F,M,35976.5,49,FreeLocal,Intnl_discount,50.63,T
596,F,M,32703.1,65,Budget,Intnl_discount,72.89,T
598,F,M,8204.72,53,FreeLocal,Standard,39.79,T
599,M,M,97180.4,51,FreeLocal,Standard,63.51,T
601,F,S,38280,34,FreeLocal,Intnl_discount,86.61,T
602,M,S,64136.6,61,FreeLocal,Intnl_discount,142.37,T
604,F,M,45429.7,62,FreeLocal,Standard,97.74,T
606,F,S,25285.5,54,FreeLocal,Standard,21.3,T
607,F,M,77551.1,34,Budget,Intnl_discount,62.42,T
608,F,M,38538.4,12,FreeLocal,Standard,47.66,T
609,F,S,69350.5,57,FreeLocal,Standard,27.86,T
616,M,S,43634.5,22,Budget,Standard,143.5,T
620,F,S,13109.1,63,Budget,Standard,62.87,T
621,M,S,92647.5,56,Budget,Standard,32.13,T
622,M,S,21021.6,63,Budget,Standard,14.95,T
623,M,S,74460.7,55,FreeLocal,Standard,206.46,T
626,F,S,28787.4,42,Budget,Standard,86.06,T
629,M,M,13091.6,59,Budget,Intnl_discount,43.06,T
632,F,M,62061.8,46,FreeLocal,Standard,82.08,T
633,F,M,20550.9,22,Budget,Standard,85.64,T
636,M,M,1765.41,19,FreeLocal,Standard,47.99,T
639,F,S,19131.1,56,Budget,Standard,57.07,T
645,M,M,42750.3,50,Budget,Intnl_discount,134.97,T
647,F,S,2842.55,46,Budget,Intnl_discount,0.79,T
648,M,M,22358.1,53,Budget,Standard,29.25,T
650,M,M,47870.8,27,FreeLocal,Standard,13.82,T
651,F,S,6440.46,41,Budget,Standard,49.86,T
652,F,S,7325.5,37,FreeLocal,Intnl_discount,190.06,T
654,M,M,28766.9,47,Budget,Standard,64.2,T
656,M,M,5252.29,16,Budget,Standard,19.73,T
660,M,M,91272.2,25,FreeLocal,Standard,40,T
666,M,S,69000,52,FreeLocal,Intnl_discount,137,T
670,M,M,1406.05,19,Budget,Standard,26.72,T
672,F,S,73228.3,43,Budget,Standard,50.58,T
673,F,S,76231.9,64,FreeLocal,Standard,152.76,T
678,M,M,64792.3,52,FreeLocal,Standard,51.41,T
681,F,S,93322.1,40,Budget,Intnl_discount,38.72,T
686,M,M,63437.3,64,Budget,Intnl_discount,14.98,T
690,M,M,49910.7,52,Budget,Standard,51.14,T
692,M,M,76161.4,45,FreeLocal,Standard,37.55,T
693,F,M,55860,15,FreeLocal,Intnl_discount,26.37,T
694,F,S,12686,65,Budget,Standard,103.88,T
702,M,M,57360.8,53,FreeLocal,Standard,67.61,T
703,M,M,92414.7,46,FreeLocal,Standard,40.06,T
704,M,M,60102.7,42,FreeLocal,Standard,72.29,T
706,F,M,17888.7,43,Budget,Standard,361.88,T
707,F,S,12526.3,54,FreeLocal,Intnl_discount,40.59,T
710,F,S,14578.8,61,Budget,Standard,107.02,T
713,M,M,78572.2,42,FreeLocal,Standard,51.09,T
714,M,M,3933.74,18,Budget,Intnl_discount,57.67,T
715,F,M,48238.8,35,FreeLocal,Standard,191.32,T
717,F,M,28770.9,12,FreeLocal,Standard,49.6,T
718,F,M,87578.2,53,Budget,Standard,22.44,T
719,F,M,86695.4,14,FreeLocal,Standard,58.03,T
721,F,S,76791.2,47,Budget,Intnl_discount,43.71,T
725,F,S,30763.8,14,Budget,Standard,57.17,T
726,F,M,3193.6,54,Budget,Standard,118.82,T
730,F,M,83287,56,FreeLocal,Intnl_discount,119.82,T
731,M,S,2056.06,19,Budget,Standard,58.8,T
732,F,M,7776.6,36,FreeLocal,Standard,94.2,T
733,M,M,2067.82,48,Budget,Intnl_discount,85.9,T
734,M,S,77000,63,Budget,Standard,20.74,T
736,F,M,69343.3,42,FreeLocal,Standard,21.91,T
737,F,M,83287,44,Budget,Standard,24.46,T
740,F,M,14932.5,46,Budget,Intnl_discount,11.42,T
741,F,S,27498.1,53,Budget,Intnl_discount,12.08,T
743,F,M,21419.9,60,FreeLocal,Standard,129.51,T
744,F,M,30665.2,23,FreeLocal,Standard,77.44,T
745,F,M,70000,67,FreeLocal,Intnl_discount,37.04,T
746,F,M,50561.3,46,Budget,Standard,129.91,T
748,F,S,23464,61,Budget,Intnl_discount,64.14,T
749,F,M,194.57,47,FreeLocal,Standard,67.21,T
750,F,M,98680.4,46,FreeLocal,Intnl_discount,26.44,T
751,M,M,65619.7,53,Budget,Standard,158.22,T
752,F,M,95620.3,47,Budget,Standard,104.53,T
753,F,S,85275,62,FreeLocal,Intnl_discount,174.09,T
754,F,M,66921.4,46,FreeLocal,Intnl_discount,24.67,T
755,F,M,98453.6,70,FreeLocal,Standard,25.38,T
756,F,M,94026.8,28,FreeLocal,Intnl_discount,35.63,T
758,F,S,57420,55,Budget,Standard,277.72,T
759,M,M,66666,45,FreeLocal,Standard,34.35,T
761,M,M,47639.1,41,Budget,Intnl_discount,57.11,T
762,F,M,63234.5,52,FreeLocal,Intnl_discount,1.16,T
766,F,M,18296.4,43,FreeLocal,Standard,10.47,T
767,F,S,39461,22,FreeLocal,Standard,126.68,T
769,F,S,70000,56,FreeLocal,Standard,86.12,T
771,M,M,47371,55,Budget,Intnl_discount,270.97,T
772,F,M,52957,40,FreeLocal,Standard,151.32,T
773,F,S,86747.1,65,Budget,Standard,57.4,T
775,F,M,87404.6,63,Budget,Standard,160.84,T
777,F,M,85394,20,Budget,Intnl_discount,35.69,T
778,F,S,2121.36,40,FreeLocal,Standard,38.8,T
779,F,M,63566.1,56,Budget,Intnl_discount,73.03,T
782,F,S,89813.6,13,FreeLocal,Intnl_discount,166.18,T
784,F,M,82644.2,33,FreeLocal,Intnl_discount,41.85,T
785,F,S,27783.6,14,FreeLocal,Standard,29.58,T
788,F,M,60485.5,42,Budget,Intnl_discount,40.41,T
791,F,M,809.43,32,FreeLocal,Intnl_discount,2.89,T
792,M,S,76529.8,58,Budget,Standard,43.89,T
793,F,M,34577.7,63,Budget,Standard,145.75,T
795,F,M,66666,67,Budget,Standard,73.02,T
796,F,S,19008.4,52,FreeLocal,Standard,147.74,T
797,F,M,98056.3,56,FreeLocal,Standard,150.67,T
798,M,M,80000,53,Budget,Standard,2.21,T
800,M,M,78894.2,53,Budget,Intnl_discount,46.65,T
801,M,S,16432.1,21,Budget,Intnl_discount,109.78,T
802,M,S,62797.9,32,Budget,Intnl_discount,68.09,T
803,M,S,71329.9,42,Budget,Standard,63.75,T
807,F,S,20913.6,53,FreeLocal,Standard,95.93,T
810,F,S,540.4,39,Budget,Intnl_discount,20.1,T
814,M,M,67339.8,17,FreeLocal,Intnl_discount,81.72,T
816,M,M,75799.9,46,FreeLocal,Intnl_discount,94.06,T
817,F,S,15688.5,53,Budget,Standard,22.42,T
818,F,S,43382.3,16,FreeLocal,Standard,138.37,T
820,F,S,5185.31,62,FreeLocal,Intnl_discount,52.9,T
821,F,D,13011.4,16,Budget,Standard,134.45,T
822,F,S,35000,22,Budget,Intnl_discount,106.53,T
824,F,M,80087.7,42,FreeLocal,Standard,31.56,T
825,F,M,59691.3,38,Budget,Standard,278.65,T
827,F,S,11251.1,52,FreeLocal,Standard,141.91,T
829,M,M,70908.7,50,FreeLocal,Standard,55.47,T
830,M,S,94928.3,40,FreeLocal,Standard,93.78,T
832,F,M,50622.3,40,FreeLocal,Standard,112.72,T
834,M,M,100020,52,FreeLocal,Intnl_discount,39.32,T
838,M,M,65000,52,Budget,Standard,92.37,T
840,F,S,93559.1,58,Budget,Standard,31.42,T
841,F,M,56722.8,61,FreeLocal,Standard,74.77,T
843,M,M,120000,53,Budget,Intnl_discount,3.22,T
844,F,S,3416.62,23,Budget,Standard,123.7,T
845,F,M,78000,56,Budget,Standard,10.39,T
846,M,M,73400,53,FreeLocal,Standard,40.9,T
847,F,M,8032.16,46,FreeLocal,Standard,88.77,T
848,F,D,93454.3,49,FreeLocal,Standard,44.13,T
849,M,M,5745,15,FreeLocal,Standard,44.11,T
850,F,S,77000,59,Budget,Standard,215.96,T
851,F,S,92564.1,49,FreeLocal,Standard,74.86,T
853,M,S,68000,49,Budget,Intnl_discount,90.25,T
855,F,M,48322.5,49,FreeLocal,Standard,50.29,T
857,M,S,78373.5,35,Budget,Standard,199.91,T
858,F,M,81913.8,50,FreeLocal,Standard,53.03,T
861,F,S,919.93,38,Budget,Standard,120.71,T
862,F,M,69486.8,31,Budget,Standard,17.11,T
863,F,M,24482.8,34,Budget,Intnl_discount,2,T
865,F,M,14573.6,65,Budget,Standard,263.58,T
866,F,M,92103.8,52,Budget,Standard,14.86,T
867,F,S,8392.14,37,Budget,Intnl_discount,87.16,T
868,F,S,17138.2,64,FreeLocal,Intnl_discount,104.69,T
870,F,M,47010.1,57,Budget,Intnl_discount,167.31,T
872,F,S,67239.4,44,FreeLocal,Intnl_discount,66.7,T
873,M,M,69406.7,38,FreeLocal,Standard,142.23,T
875,F,M,83259.3,51,Budget,Standard,4.46,T
878,M,M,20818.5,13,FreeLocal,Standard,63.28,T
882,F,M,2185.6,53,Budget,Standard,28.07,T
884,M,M,76511.3,62,FreeLocal,Standard,42.52,T
886,F,M,34555,23,FreeLocal,Standard,34.61,T
887,F,M,11234.7,49,Budget,Standard,113.42,T
889,F,M,36660.9,40,Budget,Intnl_discount,3.36,T
891,F,M,68462.8,34,FreeLocal,Standard,90.84,T
894,F,M,72841.3,47,Budget,Standard,82.53,T
895,F,M,63670.8,46,FreeLocal,Standard,78.87,T
896,M,S,80000,41,Budget,Standard,70.7,T
897,F,S,83287,47,Budget,Standard,120.53,T
898,M,M,12387.6,56,FreeLocal,Standard,93.85,T
900,F,M,82931.3,65,FreeLocal,Standard,137.25,T
901,F,M,57483.9,44,Budget,Standard,44.3,T
903,F,S,21274,46,FreeLocal,Standard,43.31,T
904,F,M,28267,30,FreeLocal,Standard,214.41,T
906,F,M,36725.1,56,Budget,Standard,94.88,T
910,M,S,94188.3,58,Budget,Standard,41.51,T
913,F,M,91861,42,Budget,Standard,22.06,T
916,F,S,12374.9,33,FreeLocal,Standard,123.59,T
917,F,M,69133.9,27,FreeLocal,Standard,46.32,T
919,F,M,84948,29,FreeLocal,Intnl_discount,23.73,T
920,F,M,30998.8,41,Budget,Standard,52.91,T
926,M,D,21416.5,36,FreeLocal,Intnl_discount,27.61,T
930,M,S,78554.2,17,Budget,Standard,35.88,T
931,M,S,3960.5,15,FreeLocal,Standard,96.13,T
933,M,M,60101.1,64,FreeLocal,Standard,157.96,T
934,F,M,38215.9,31,Budget,Standard,0.97,T
935,F,M,13829.4,20,FreeLocal,Standard,176.61,T
936,F,M,49745.3,48,Budget,Intnl_discount,27.28,T
938,F,M,88427,14,Budget,Standard,69.97,T
939,F,M,98003.7,26,FreeLocal,Intnl_discount,84.42,T
940,M,S,89142.7,54,Budget,Intnl_discount,16.91,T
941,F,S,74530.8,63,FreeLocal,Intnl_discount,127.89,T
943,F,S,40120,22,Budget,Standard,265.78,T
948,F,M,76289.2,48,Budget,Intnl_discount,104.63,T
950,M,M,66931.9,64,Budget,Standard,17.46,T
951,F,D,40120,21,FreeLocal,Standard,108.3,T
952,F,M,40120,22,FreeLocal,Intnl_discount,48.08,T
953,F,S,40120,24,Budget,Intnl_discount,168.28,T
954,F,S,40120,24,Budget,Standard,65.79,T
955,F,S,42000,23,Budget,Standard,41.78,T
956,F,S,40120,20,Budget,Intnl_discount,23.52,T
957,F,S,40120,22,FreeLocal,Standard,62.95,T
958,F,S,40120,21,Budget,Standard,134.75,T
962,F,M,90271.6,45,FreeLocal,Standard,110.4,T
967,F,M,64816.6,31,Budget,Standard,27.87,T
968,F,M,98217.1,45,FreeLocal,Standard,42.74,T
970,F,S,2929.13,54,Budget,Intnl_discount,102.23,T
972,F,M,41876.6,44,FreeLocal,Standard,139.44,T
973,M,M,96223.4,65,FreeLocal,Standard,18.18,T
974,F,S,15989.3,62,Budget,Intnl_discount,29.17,T
975,M,M,69168.4,62,Budget,Standard,234.91,T
976,M,M,92148.5,38,Budget,Intnl_discount,113.68,T
977,M,M,96681,20,Budget,Standard,73.76,T
978,M,S,62705.9,39,FreeLocal,Intnl_discount,33.44,T
979,M,S,80221.2,29,FreeLocal,Standard,50.48,T
980,M,S,84479.2,28,FreeLocal,Standard,56.23,T
981,F,M,64977.4,38,FreeLocal,Standard,45.77,T
982,F,M,77994,51,FreeLocal,Standard,102.02,T
983,M,M,90103.7,35,Budget,Intnl_discount,66.45,T
984,F,M,59008.4,30,Budget,Standard,31.59,T
985,M,M,5265.35,53,Budget,Intnl_discount,31.1,T
986,M,S,84978.1,22,FreeLocal,Intnl_discount,88.79,T
987,F,M,36647.9,50,Budget,Intnl_discount,107.38,T
988,F,S,64319.2,41,Budget,Intnl_discount,40.16,T
989,F,S,73338,48,Budget,Intnl_discount,29.93,T
990,F,S,433.74,61,FreeLocal,Standard,44.22,T
991,F,M,16962.2,45,Budget,Standard,27.57,T
993,M,M,10708.3,26,Budget,Intnl_discount,142.95,T
996,F,M,2031.61,20,Budget,Standard,109.04,T
1000,F,S,16938.5,52,FreeLocal,Standard,22.11,T
1003,F,M,55221,43,FreeLocal,Standard,15.69,T
1004,F,M,8073.11,46,FreeLocal,Standard,89.05,T
1005,M,M,95448.6,54,Budget,Standard,29.46,T
1006,M,S,24141.5,17,FreeLocal,Standard,125.87,T
1007,M,S,63152.6,63,Budget,Intnl_discount,70.01,T
1008,M,S,31952,34,Budget,Standard,4.87,T
1009,M,S,72084.7,56,Budget,Intnl_discount,38.13,T
1010,F,S,42760.5,47,Budget,Standard,53.7,T
1011,F,S,49072,48,Budget,Intnl_discount,34.25,T
1012,F,M,27371.8,53,FreeLocal,Standard,142.7,T
1016,M,M,71472.9,42,Budget,Standard,130.22,T
1017,F,M,95405.7,48,Budget,Standard,13.96,T
1018,F,S,95786.8,53,Budget,Standard,108.79,T
1020,M,S,90321.6,55,FreeLocal,Intnl_discount,12.39,T
1021,M,D,90478.6,55,FreeLocal,Standard,154.49,T
1022,F,M,56187,43,Budget,Standard,21.83,T
1023,M,M,28313.1,21,Budget,Standard,13.63,T
1025,F,S,41000,24,Budget,Intnl_discount,229.64,T
1030,M,M,29616,49,FreeLocal,Standard,75.29,T
1032,M,M,19732.8,51,FreeLocal,Standard,47.25,T
1035,M,S,96.33,56,Budget,Standard,59.01,T
1038,F,M,52004.8,25,Budget,Intnl_discount,28.14,T
1041,M,M,53010.8,19,FreeLocal,Standard,58.87,T
1042,M,M,75004.5,65,Budget,Intnl_discount,58.72,T
1045,M,M,19749.3,60,Budget,Standard,34.17,T
1046,M,S,57626.9,44,Budget,Standard,48.35,T
1047,M,M,20078,33,Budget,Intnl_discount,15.98,T
1048,F,M,47902,26,FreeLocal,Standard,72.31,T
1053,M,M,7545.96,17,Budget,Standard,200.75,T
1059,F,S,78851.3,48,FreeLocal,Standard,29.04,T
1060,F,S,17540.7,63,Budget,Standard,36.2,T
1061,F,M,83891.9,61,Budget,Standard,74.4,T
1062,F,M,28220.8,39,FreeLocal,Standard,38.95,T
1064,F,S,28589.1,16,FreeLocal,Standard,100.28,T
1066,F,M,5237.63,49,Budget,Standard,78.02,T
1069,M,S,89459.9,53,FreeLocal,Standard,36.05,T
1072,F,S,13576.5,39,Budget,Standard,40.49,T
1073,F,S,81710.9,59,FreeLocal,Standard,36.42,T
1076,F,M,67388,53,Budget,Standard,96.33,T
1077,F,M,57063,52,Budget,Standard,98.1,T
1078,F,M,84166.1,54,Budget,Standard,15.02,T
1079,F,S,45612.9,14,Budget,Standard,323.82,T
1084,F,S,7737.94,43,FreeLocal,Standard,61.9,T
1085,M,S,120000,42,Budget,Standard,314.62,T
1086,F,M,45287.6,29,Budget,Standard,2.97,T
1087,F,M,59613.1,34,Budget,Intnl_discount,175.78,T
1089,F,S,16326.7,51,FreeLocal,Intnl_discount,1.34,T
1092,F,S,9559.78,51,FreeLocal,Standard,77.91,T
1095,F,M,42031.8,51,Budget,Intnl_discount,59.78,T
1097,F,M,83284.1,28,FreeLocal,Intnl_discount,35.96,T
1098,M,M,39229.1,26,Budget,Intnl_discount,47.1,T
1099,F,D,68427.4,42,FreeLocal,Standard,73.81,T
1101,M,S,3601.71,49,Budget,Intnl_discount,125.6,T
1103,F,S,98716.3,56,FreeLocal,Standard,43.13,T
1104,F,S,66182.7,62,Budget,Standard,58.87,T
1105,F,M,84789.3,50,FreeLocal,Standard,33.47,T
1107,F,M,35976.5,49,FreeLocal,Intnl_discount,50.63,T
1108,F,M,32703.1,65,Budget,Intnl_discount,72.89,T
1110,F,M,8204.72,53,FreeLocal,Standard,39.79,T
1111,M,M,97180.4,51,FreeLocal,Standard,63.51,T
1112,F,M,80405.1,60,FreeLocal,Standard,28.98,T
1113,F,S,38280,34,FreeLocal,Intnl_discount,86.61,T
1114,M,S,64136.6,61,FreeLocal,Intnl_discount,142.37,T
1116,F,M,45429.7,62,FreeLocal,Standard,97.74,T
1118,F,S,25285.5,54,FreeLocal,Standard,21.3,T
1119,F,M,77551.1,34,Budget,Intnl_discount,62.42,T
1120,F,M,38538.4,12,FreeLocal,Standard,47.66,T
1127,M,M,92881.8,21,FreeLocal,Standard,93.57,T
1128,M,S,43634.5,22,Budget,Standard,143.5,T
1132,F,S,13109.1,63,Budget,Standard,62.87,T
1133,M,S,92647.5,56,Budget,Standard,32.13,T
1134,M,S,21021.6,63,Budget,Standard,14.95,T
1135,M,S,74460.7,55,FreeLocal,Standard,206.46,T
1138,F,S,28787.4,42,Budget,Standard,86.06,T
1141,M,M,13091.6,59,Budget,Intnl_discount,43.06,T
1144,F,M,62061.8,46,FreeLocal,Standard,82.08,T
1145,F,M,20550.9,22,Budget,Standard,85.64,T
1148,M,M,1765.41,19,FreeLocal,Standard,47.99,T
1151,F,S,19131.1,56,Budget,Standard,57.07,T
1157,M,M,42750.3,50,Budget,Intnl_discount,134.97,T
1159,F,S,2842.55,46,Budget,Intnl_discount,0.79,T
1160,M,M,22358.1,53,Budget,Standard,29.25,T
1162,M,M,47870.8,27,FreeLocal,Standard,13.82,T
1163,F,S,6440.46,43,Budget,Standard,49.86,T
1164,F,S,7325.5,37,FreeLocal,Intnl_discount,190.06,T
1166,M,M,28766.9,47,Budget,Standard,64.2,T
1171,M,S,72928.2,39,Budget,Standard,203.67,T
1172,M,M,91272.2,25,FreeLocal,Standard,40,T
1178,M,S,65000,52,FreeLocal,Intnl_discount,137,T
1182,M,M,1406.05,19,Budget,Standard,26.72,T
1184,F,S,73228.3,46,Budget,Standard,50.58,T
1185,F,S,76231.9,64,FreeLocal,Standard,152.76,T
1190,M,M,64792.3,52,FreeLocal,Standard,51.41,T
1193,F,S,93322.1,40,Budget,Intnl_discount,38.72,T
1198,M,M,63437.3,64,Budget,Intnl_discount,14.98,T
1202,M,M,49910.7,52,Budget,Standard,51.14,T
1204,M,M,76161.4,45,FreeLocal,Standard,37.55,T
1205,F,M,55860,15,FreeLocal,Intnl_discount,26.37,T
1206,F,S,12686,65,Budget,Standard,103.88,T
1214,M,M,57360.8,53,FreeLocal,Standard,67.61,T
1215,M,M,92414.7,46,FreeLocal,Standard,40.06,T
1216,M,M,60102.7,42,FreeLocal,Standard,72.29,T
1218,F,M,17888.7,53,Budget,Standard,361.88,T
1219,F,S,12526.3,54,FreeLocal,Intnl_discount,40.59,T
1222,F,S,14578.8,61,Budget,Standard,107.02,T
1225,M,M,78572.2,42,FreeLocal,Standard,51.09,T
1226,M,M,3933.74,18,Budget,Intnl_discount,57.67,T
1227,F,M,48238.8,35,FreeLocal,Standard,191.32,T
1229,F,M,28770.9,12,FreeLocal,Standard,49.6,T
1230,F,M,87578.2,53,Budget,Standard,22.44,T
1231,F,M,86695.4,14,FreeLocal,Standard,58.03,T
1233,F,S,76791.2,43,Budget,Intnl_discount,43.71,T
1237,F,S,30763.8,14,Budget,Standard,57.17,T
1238,F,M,3193.6,54,Budget,Standard,118.82,T
1239,M,M,69680.9,16,FreeLocal,Intnl_discount,39.8,T
1242,F,M,77000,63,FreeLocal,Intnl_discount,119.82,T
1243,M,D,2056.06,19,Budget,Standard,58.8,T
1244,F,M,7776.6,36,FreeLocal,Standard,94.2,T
1245,M,M,2067.82,48,Budget,Intnl_discount,85.9,T
1246,M,S,78000,46,Budget,Standard,20.74,T
1248,F,M,69343.3,42,FreeLocal,Standard,21.91,T
1249,F,M,83287,42,Budget,Standard,24.46,T
1252,F,M,14932.5,70,Budget,Intnl_discount,11.42,T
1253,F,S,27498.1,70,Budget,Intnl_discount,12.08,T
1255,F,M,21419.9,60,FreeLocal,Standard,129.51,T
1256,F,M,30665.2,23,FreeLocal,Standard,77.44,T
1257,F,M,68000,44,FreeLocal,Intnl_discount,37.04,T
1258,F,M,50561.3,62,Budget,Standard,129.91,T
1260,F,S,23464,55,Budget,Intnl_discount,64.14,T
1261,F,M,194.57,41,FreeLocal,Standard,67.21,T
1262,F,M,98680.4,62,FreeLocal,Intnl_discount,26.44,T
1263,M,M,65619.7,46,Budget,Standard,158.22,T
1264,F,M,95620.3,41,Budget,Standard,104.53,T
1265,F,D,85275,70,FreeLocal,Intnl_discount,174.09,T
1266,F,M,66921.4,61,FreeLocal,Intnl_discount,24.67,T
1267,F,M,98453.6,55,FreeLocal,Standard,25.38,T
1268,F,M,94026.8,28,FreeLocal,Intnl_discount,35.63,T
1270,F,S,57420,42,Budget,Standard,277.72,T
1271,M,M,80000,56,FreeLocal,Standard,34.35,T
1273,M,M,47639.1,61,Budget,Intnl_discount,57.11,T
1274,F,M,63234.5,52,FreeLocal,Intnl_discount,1.16,T
1275,F,S,46945,65,Budget,Standard,49.6,T
1276,M,M,3911.9,59,Budget,Intnl_discount,39.36,T
1277,F,M,71816.1,60,FreeLocal,Standard,51.83,T
1278,F,M,18296.4,43,FreeLocal,Standard,10.47,T
1279,F,S,39461,22,FreeLocal,Standard,126.68,T
1280,F,M,71502.5,57,FreeLocal,Standard,0.68,T
1281,F,S,66000,52,FreeLocal,Standard,86.12,T
1282,F,M,95011.5,52,FreeLocal,Standard,2.83,T
1283,M,M,47371,55,Budget,Intnl_discount,270.97,T
1284,F,M,52957,40,FreeLocal,Standard,151.32,T
1285,F,S,86747.1,65,Budget,Standard,57.4,T
1286,F,M,57942.4,50,Budget,Intnl_discount,124.69,T
1287,F,M,87404.6,63,Budget,Standard,160.84,T
1288,M,S,20919,55,FreeLocal,Intnl_discount,164.54,T
1289,F,M,85394,20,Budget,Intnl_discount,35.69,T
1290,F,S,2121.36,40,FreeLocal,Standard,38.8,T
1291,F,M,63566.1,56,Budget,Intnl_discount,73.03,T
1292,F,M,52089.6,48,FreeLocal,Standard,23.87,T
1293,F,S,58328.8,65,FreeLocal,Standard,131.25,T
1294,F,S,89813.6,13,FreeLocal,Intnl_discount,166.18,T
1296,F,M,82644.2,33,FreeLocal,Intnl_discount,41.85,T
1297,F,S,27783.6,14,FreeLocal,Standard,29.58,T
1298,F,S,86252.8,59,Budget,Standard,45.44,T
1299,F,M,38738.3,60,Budget,Intnl_discount,59.73,T
1300,F,M,60485.5,42,Budget,Intnl_discount,40.41,T
1301,F,M,56722.8,61,FreeLocal,Standard,74.77,T
1302,F,M,55000,48,FreeLocal,Standard,29.04,T
1303,F,M,809.43,32,FreeLocal,Intnl_discount,2.89,T
1304,M,S,76529.8,58,Budget,Standard,43.89,T
1305,F,M,34577.7,63,Budget,Standard,145.75,T
1306,M,M,23000,61,Budget,Standard,74.4,T
1307,F,M,77000,55,Budget,Standard,73.02,T
1308,F,S,19008.4,52,FreeLocal,Standard,147.74,T
1309,F,M,98056.3,56,FreeLocal,Standard,150.67,T
1310,M,M,73400,53,Budget,Standard,2.21,T
1311,F,M,53432.2,57,FreeLocal,Standard,96.04,T
1312,M,M,78894.2,53,Budget,Intnl_discount,46.65,T
1313,M,S,16432.1,21,Budget,Intnl_discount,109.78,T
1314,M,M,62797.9,54,Budget,Intnl_discount,68.09,T
1315,M,S,71329.9,42,Budget,Standard,63.75,T
1316,F,S,91498.9,52,Budget,Standard,46.88,T
1317,M,S,3601.71,49,Budget,Intnl_discount,125.6,T
1318,F,S,33084.3,50,Budget,Standard,125.05,T
1319,F,S,20913.6,53,FreeLocal,Standard,95.93,T
1320,M,M,62724.5,55,FreeLocal,Standard,82.69,T
1321,F,S,49553.9,48,FreeLocal,Standard,78.54,T
1322,F,S,540.4,39,Budget,Intnl_discount,20.1,T
1323,F,M,57255.4,27,FreeLocal,Standard,107.41,T
1324,F,S,71941.5,45,FreeLocal,Standard,103.21,T
1325,F,S,72583,22,FreeLocal,Standard,41.3,T
1326,M,M,67339.8,17,FreeLocal,Intnl_discount,81.72,T
1327,F,M,88759.5,60,FreeLocal,Standard,143.93,T
1328,M,M,75799.9,46,FreeLocal,Intnl_discount,94.06,T
1329,F,S,15688.5,53,Budget,Standard,22.42,T
1330,F,S,43382.3,16,FreeLocal,Standard,138.37,T
1331,M,S,2805.01,25,FreeLocal,Intnl_discount,38.08,T
1332,F,S,5185.31,62,FreeLocal,Intnl_discount,52.9,T
1333,F,S,42000,16,Budget,Standard,134.45,T
1334,F,S,38000,22,Budget,Intnl_discount,106.53,T
1335,F,M,81641.2,19,FreeLocal,Standard,98.76,T
1336,F,M,80087.7,42,FreeLocal,Standard,31.56,T
1337,F,M,59691.3,38,Budget,Standard,278.65,T
1339,F,S,11251.1,43,FreeLocal,Standard,141.91,T
1341,M,M,70908.7,50,FreeLocal,Standard,55.47,T
1342,M,S,94928.3,40,FreeLocal,Standard,93.78,T
1344,F,M,50622.3,40,FreeLocal,Standard,112.72,T
1346,M,M,78000,50,FreeLocal,Intnl_discount,39.32,T
1350,M,M,78000,52,Budget,Standard,92.37,T
1352,F,S,93559.1,58,Budget,Standard,31.42,T
1353,F,M,56722.8,61,FreeLocal,Standard,74.77,T
1355,M,M,80000,39,Budget,Intnl_discount,3.22,T
1356,F,S,3416.62,23,Budget,Standard,123.7,T
1357,F,M,73069.1,56,Budget,Standard,10.39,T
1358,M,M,80000,53,FreeLocal,Standard,40.9,T
1359,F,M,8032.16,46,FreeLocal,Standard,88.77,T
1360,F,S,93454.3,49,FreeLocal,Standard,44.13,T
1361,M,M,5745,15,FreeLocal,Standard,44.11,T
1362,F,S,83287,60,Budget,Standard,215.96,T
1363,F,S,92564.1,49,FreeLocal,Standard,74.86,T
1365,M,S,70000,48,Budget,Intnl_discount,90.25,T
1367,F,M,48322.5,49,FreeLocal,Standard,50.29,T
1369,M,S,78373.5,35,Budget,Standard,199.91,T
1370,F,M,81913.8,50,FreeLocal,Standard,53.03,T
1373,F,S,919.93,38,Budget,Standard,120.71,T
1374,F,M,69486.8,31,Budget,Standard,17.11,T
1375,F,M,24482.8,34,Budget,Intnl_discount,2,T
1377,F,M,14573.6,65,Budget,Standard,263.58,T
1378,F,M,92103.8,52,Budget,Standard,14.86,T
1379,F,S,8392.14,37,Budget,Intnl_discount,87.16,T
1380,F,S,17138.2,64,FreeLocal,Intnl_discount,104.69,T
1382,F,M,47010.1,57,Budget,Intnl_discount,167.31,T
1384,F,D,67239.4,44,FreeLocal,Intnl_discount,66.7,T
1385,M,M,69406.7,47,FreeLocal,Standard,142.23,T
1387,F,M,83259.3,51,Budget,Standard,4.46,T
1394,F,M,2185.6,53,Budget,Standard,28.07,T
1396,M,M,76511.3,62,FreeLocal,Standard,42.52,T
1398,F,M,35000,22,FreeLocal,Standard,34.61,T
1399,F,M,11234.7,49,Budget,Standard,113.42,T
1401,F,M,36660.9,40,Budget,Intnl_discount,3.36,T
1403,F,M,68462.8,34,FreeLocal,Standard,90.84,T
1406,F,M,72841.3,47,Budget,Standard,82.53,T
1407,F,M,63670.8,46,FreeLocal,Standard,78.87,T
1408,M,S,66666,77,Budget,Standard,70.7,T
1409,F,S,77000,45,Budget,Standard,120.53,T
1410,M,M,12387.6,56,FreeLocal,Standard,93.85,T
1412,F,M,82931.3,65,FreeLocal,Standard,137.25,T
1413,F,M,57483.9,44,Budget,Standard,44.3,T
1415,F,S,21274,46,FreeLocal,Standard,43.31,T
1416,F,M,28267,30,FreeLocal,Standard,214.41,T
1418,F,M,36725.1,56,Budget,Standard,94.88,T
1422,M,S,94188.3,58,Budget,Standard,41.51,T
1425,F,M,91861,42,Budget,Standard,22.06,T
1428,F,S,12374.9,33,FreeLocal,Standard,123.59,T
1429,F,M,69133.9,27,FreeLocal,Standard,46.32,T
1431,F,M,84948,29,FreeLocal,Intnl_discount,23.73,T
1432,F,M,30998.8,41,Budget,Standard,52.91,T
1438,M,M,21416.5,36,FreeLocal,Intnl_discount,27.61,T
1442,M,M,78554.2,17,Budget,Standard,35.88,T
1443,M,S,3960.5,15,FreeLocal,Standard,96.13,T
1445,M,M,60101.1,64,FreeLocal,Standard,157.96,T
1446,F,M,38215.9,31,Budget,Standard,0.97,T
1447,F,M,40120,24,FreeLocal,Standard,176.61,T
1448,F,M,49745.3,48,Budget,Intnl_discount,27.28,T
1450,F,M,88427,14,Budget,Standard,69.97,T
1451,F,M,98003.7,26,FreeLocal,Intnl_discount,84.42,T
1452,M,S,89142.7,54,Budget,Intnl_discount,16.91,T
1453,F,S,74530.8,63,FreeLocal,Intnl_discount,127.89,T
1455,F,S,40120,24,Budget,Standard,265.78,T
1460,F,M,76289.2,48,Budget,Intnl_discount,104.63,T
1462,M,M,66931.9,64,Budget,Standard,17.46,T
1463,F,S,40120,23,FreeLocal,Standard,108.3,T
1464,F,M,14085.5,24,FreeLocal,Intnl_discount,48.08,T
1465,F,S,32962.6,21,Budget,Intnl_discount,168.28,T
1466,F,S,42000,22,Budget,Standard,65.79,T
1467,F,S,43000,20,Budget,Standard,41.78,T
1468,F,D,77726.4,57,Budget,Intnl_discount,23.52,T
1469,F,S,42000,18,FreeLocal,Standard,62.95,T
1470,F,S,2800.68,46,Budget,Standard,134.75,T
1474,F,M,90271.6,45,FreeLocal,Standard,110.4,T
1479,F,M,64816.6,31,Budget,Standard,27.87,T
1480,F,M,98217.1,45,FreeLocal,Standard,42.74,T
1482,F,S,2929.13,54,Budget,Intnl_discount,102.23,T
1484,F,M,41876.6,44,FreeLocal,Standard,139.44,T
1485,M,M,96223.4,65,FreeLocal,Standard,18.18,T
1486,F,S,15989.3,62,Budget,Intnl_discount,29.17,T
1487,M,M,69168.4,62,Budget,Standard,234.91,T
1488,M,M,92148.5,33,Budget,Intnl_discount,113.68,T
1489,M,M,96681,20,Budget,Standard,73.76,T
1490,M,S,62705.9,33,FreeLocal,Intnl_discount,33.44,T
1491,M,S,80221.2,29,FreeLocal,Standard,50.48,T
1492,M,S,84479.2,32,FreeLocal,Standard,56.23,T
1493,F,M,64977.4,38,FreeLocal,Standard,45.77,T
1494,F,M,77994,51,FreeLocal,Standard,102.02,T
1495,M,M,90103.7,35,Budget,Intnl_discount,66.45,T
1496,F,M,59008.4,30,Budget,Standard,31.59,T
1497,M,M,5265.35,53,Budget,Intnl_discount,31.1,T
1498,M,S,84978.1,22,FreeLocal,Intnl_discount,88.79,T
1499,F,M,36647.9,50,Budget,Intnl_discount,107.38,T
1500,F,S,64319.2,41,Budget,Intnl_discount,40.16,T
1501,F,S,73338,48,Budget,Intnl_discount,29.93,T
1502,F,S,433.74,61,FreeLocal,Standard,44.22,T
1503,F,M,16962.2,45,Budget,Standard,27.57,T
1505,M,M,10708.3,26,Budget,Intnl_discount,142.95,F
1508,F,M,2031.61,20,Budget,Standard,109.04,F
1512,F,S,16938.5,43,FreeLocal,Standard,22.11,F
1515,F,M,55221,47,FreeLocal,Standard,15.69,F
1516,F,M,8073.11,48,FreeLocal,Standard,89.05,F
1517,M,M,95448.6,54,Budget,Standard,29.46,F
1518,M,S,24141.5,17,FreeLocal,Standard,125.87,F
1519,M,S,63152.6,63,Budget,Intnl_discount,70.01,F
1521,M,S,72084.7,56,Budget,Intnl_discount,38.13,F
1522,F,S,42760.5,53,Budget,Standard,53.7,F
1523,F,S,49072,62,Budget,Intnl_discount,34.25,F
1524,F,M,27371.8,41,FreeLocal,Standard,142.7,F
1528,M,M,71472.9,42,Budget,Standard,130.22,F
1529,F,M,95405.7,43,Budget,Standard,13.96,F
1530,F,S,95786.8,46,Budget,Standard,108.79,F
1532,M,S,90321.6,55,FreeLocal,Intnl_discount,12.39,F
1533,M,S,90478.6,55,FreeLocal,Standard,154.49,F
1534,F,M,56187,55,Budget,Standard,21.83,F
1537,F,S,42000,24,Budget,Intnl_discount,229.64,F
1539,M,M,9780.66,25,FreeLocal,Standard,21.39,F
1542,M,M,29616,49,FreeLocal,Standard,75.29,F
1544,M,M,19732.8,51,FreeLocal,Standard,47.25,F
1545,M,S,41690.5,15,FreeLocal,Standard,31.45,F
1547,M,S,96.33,56,Budget,Standard,59.01,F
1550,F,M,52004.8,25,Budget,Intnl_discount,28.14,F
1553,M,M,53010.8,19,FreeLocal,Standard,58.87,F
1554,M,M,75004.5,65,Budget,Intnl_discount,58.72,F
1557,M,M,19749.3,60,Budget,Standard,34.17,F
1558,M,S,57626.9,44,Budget,Standard,48.35,F
1559,M,D,20078,33,Budget,Intnl_discount,15.98,F
1560,F,M,47902,26,FreeLocal,Standard,72.31,F
1565,M,M,7545.96,17,Budget,Standard,200.75,F
1571,F,S,78851.3,48,FreeLocal,Standard,29.04,F
1572,F,S,17540.7,63,Budget,Standard,36.2,F
1573,F,M,83891.9,61,Budget,Standard,74.4,F
1574,F,S,28220.8,39,FreeLocal,Standard,38.95,F
1576,F,S,28589.1,16,FreeLocal,Standard,100.28,F
1578,F,M,5237.63,49,Budget,Standard,78.02,F
1581,M,S,89459.9,53,FreeLocal,Standard,36.05,F
1584,F,S,13576.5,39,Budget,Standard,40.49,F
1588,F,M,67388,53,Budget,Standard,96.33,F
1589,F,M,57063,52,Budget,Standard,98.1,F
1590,F,M,84166.1,54,Budget,Standard,15.02,F
1591,F,S,45612.9,14,Budget,Standard,323.82,F
1596,F,S,7737.94,43,FreeLocal,Standard,61.9,F
1597,M,S,65000,45,Budget,Standard,314.62,F
1598,F,M,45287.6,29,Budget,Standard,2.97,F
1599,F,M,59613.1,34,Budget,Intnl_discount,175.78,F
1601,F,S,16326.7,51,FreeLocal,Intnl_discount,1.34,F
1604,F,S,9559.78,51,FreeLocal,Standard,77.91,F
1607,F,M,42031.8,51,Budget,Intnl_discount,59.78,F
1609,F,M,83284.1,28,FreeLocal,Intnl_discount,35.96,F
1610,M,M,39229.1,26,Budget,Intnl_discount,47.1,F
1611,F,S,68427.4,42,FreeLocal,Standard,73.81,F
1613,M,S,3601.71,49,Budget,Intnl_discount,125.6,F
1615,F,S,98716.3,56,FreeLocal,Standard,43.13,F
1616,F,S,66182.7,62,Budget,Standard,58.87,F
1617,F,M,84789.3,50,FreeLocal,Standard,33.47,F
1619,F,M,35976.5,49,FreeLocal,Intnl_discount,50.63,F
1620,F,M,32703.1,65,Budget,Intnl_discount,72.89,F
1622,F,M,8204.72,53,FreeLocal,Standard,39.79,F
1623,M,M,97180.4,33,FreeLocal,Standard,63.51,F
1625,F,S,38280,34,FreeLocal,Intnl_discount,86.61,F
1626,M,S,64136.6,61,FreeLocal,Intnl_discount,142.37,F
1628,F,M,45429.7,62,FreeLocal,Standard,97.74,F
1630,F,S,25285.5,54,FreeLocal,Standard,21.3,F
1631,F,M,77551.1,34,Budget,Intnl_discount,62.42,F
1632,F,M,38538.4,12,FreeLocal,Standard,47.66,F
1639,M,M,92881.8,21,FreeLocal,Standard,93.57,F
1640,M,S,43634.5,22,Budget,Standard,143.5,F
1644,F,S,13109.1,63,Budget,Standard,62.87,F
1645,M,S,92647.5,56,Budget,Standard,32.13,F
1646,M,S,21021.6,63,Budget,Standard,14.95,F
1647,M,S,74460.7,55,FreeLocal,Standard,206.46,F
1650,F,S,28787.4,42,Budget,Standard,86.06,F
1653,M,M,13091.6,59,Budget,Intnl_discount,43.06,F
1656,F,M,62061.8,46,FreeLocal,Standard,82.08,F
1657,F,M,20550.9,22,Budget,Standard,85.64,F
1660,M,M,1765.41,19,FreeLocal,Standard,47.99,F
1663,F,S,19131.1,56,Budget,Standard,57.07,F
1669,M,M,42750.3,50,Budget,Intnl_discount,134.97,F
1671,F,S,2842.55,46,Budget,Intnl_discount,0.79,F
1672,M,M,22358.1,53,Budget,Standard,29.25,F
1674,M,M,47870.8,27,FreeLocal,Standard,13.82,F
1675,F,S,6440.46,70,Budget,Standard,49.86,F
1676,F,S,7325.5,37,FreeLocal,Intnl_discount,190.06,F
1677,M,M,63900.9,28,Budget,Standard,47.4,F
1678,M,M,28766.9,47,Budget,Standard,64.2,F
1680,M,M,5252.29,16,Budget,Standard,19.73,F
1684,M,M,91272.2,25,FreeLocal,Standard,40,F
1690,M,S,69000,42,FreeLocal,Intnl_discount,137,F
1694,M,M,1406.05,19,Budget,Standard,26.72,F
1696,F,S,73228.3,61,Budget,Standard,50.58,F
1697,F,S,76231.9,64,FreeLocal,Standard,152.76,F
1702,M,M,64792.3,52,FreeLocal,Standard,51.41,F
1705,F,S,93322.1,40,Budget,Intnl_discount,38.72,F
1710,M,M,63437.3,64,Budget,Intnl_discount,14.98,F
1714,M,M,49910.7,52,Budget,Standard,51.14,F
1716,M,M,76161.4,45,FreeLocal,Standard,37.55,F
1717,F,M,55860,15,FreeLocal,Intnl_discount,26.37,F
1718,F,S,12686,65,Budget,Standard,103.88,F
1726,M,M,57360.8,53,FreeLocal,Standard,67.61,F
1727,M,M,92414.7,46,FreeLocal,Standard,40.06,F
1728,M,M,60102.7,42,FreeLocal,Standard,72.29,F
1730,F,M,17888.7,43,Budget,Standard,361.88,F
1731,F,S,12526.3,54,FreeLocal,Intnl_discount,40.59,F
1734,F,S,14578.8,61,Budget,Standard,107.02,F
1737,M,M,78572.2,42,FreeLocal,Standard,51.09,F
1739,F,M,48238.8,35,FreeLocal,Standard,191.32,F
1741,F,M,28770.9,12,FreeLocal,Standard,49.6,F
1742,F,M,87578.2,53,Budget,Standard,22.44,F
1743,F,M,86695.4,14,FreeLocal,Standard,58.03,F
1745,F,S,76791.2,55,Budget,Intnl_discount,43.71,F
1749,F,S,30763.8,14,Budget,Standard,57.17,F
1750,F,M,3193.6,54,Budget,Standard,118.82,F
1751,M,M,69680.9,16,FreeLocal,Intnl_discount,39.8,F
1754,F,M,83287,67,FreeLocal,Intnl_discount,119.82,F
1755,M,S,2056.06,19,Budget,Standard,58.8,F
1756,F,M,7776.6,36,FreeLocal,Standard,94.2,F
1757,M,M,2067.82,48,Budget,Intnl_discount,85.9,F
1758,M,S,68000,63,Budget,Standard,20.74,F
1760,M,M,69343.3,42,FreeLocal,Standard,21.91,F
1764,F,M,14932.5,42,Budget,Intnl_discount,11.42,F
1765,F,S,27498.1,43,Budget,Intnl_discount,12.08,F
1767,M,M,21419.9,60,FreeLocal,Standard,129.51,F
1768,M,M,30665.2,23,FreeLocal,Standard,77.44,F
1769,F,M,78000,59,FreeLocal,Intnl_discount,37.04,F
1770,F,M,50561.3,46,Budget,Standard,129.91,F
1772,F,S,23464,52,Budget,Intnl_discount,64.14,F
1773,F,M,194.57,70,FreeLocal,Standard,67.21,F
1774,F,M,98680.4,70,FreeLocal,Intnl_discount,26.44,F
1775,M,M,65619.7,52,Budget,Standard,158.22,F
1776,F,M,95620.3,61,Budget,Standard,104.53,F
1777,F,S,85275,42,FreeLocal,Intnl_discount,174.09,F
1778,F,M,66921.4,53,FreeLocal,Intnl_discount,24.67,F
1779,F,M,98453.6,62,FreeLocal,Standard,25.38,F
1780,F,M,94026.8,28,FreeLocal,Intnl_discount,35.63,F
1782,F,S,57420,43,Budget,Standard,277.72,F
1783,M,M,68000,49,FreeLocal,Standard,34.35,F
1785,M,M,47639.1,43,Budget,Intnl_discount,57.11,F
1786,F,M,63234.5,52,FreeLocal,Intnl_discount,1.16,F
1788,M,M,3911.9,38,Budget,Intnl_discount,39.36,F
1790,F,M,18296.4,43,FreeLocal,Standard,10.47,F
1791,F,S,39461,22,FreeLocal,Standard,126.68,F
1796,F,M,52957,40,FreeLocal,Standard,151.32,F
1797,F,S,86747.1,65,Budget,Standard,57.4,F
1799,F,M,87404.6,63,Budget,Standard,160.84,F
1801,F,M,85394,20,Budget,Intnl_discount,35.69,F
1802,F,S,2121.36,40,FreeLocal,Standard,38.8,F
1803,F,M,63566.1,56,Budget,Intnl_discount,73.03,F
1806,F,S,89813.6,13,FreeLocal,Intnl_discount,166.18,F
1808,F,M,82644.2,33,FreeLocal,Intnl_discount,41.85,F
1809,F,S,27783.6,14,FreeLocal,Standard,29.58,F
1812,F,M,60485.5,42,Budget,Intnl_discount,40.41,F
1815,F,M,809.43,32,FreeLocal,Intnl_discount,2.89,F
1816,M,S,76529.8,58,Budget,Standard,43.89,F
1817,F,M,34577.7,63,Budget,Standard,145.75,F
1820,F,S,19008.4,52,FreeLocal,Standard,147.74,F
1821,F,M,98056.3,56,FreeLocal,Standard,150.67,F
1822,M,M,80000,45,Budget,Standard,2.21,F
1824,M,M,78894.2,34,Budget,Intnl_discount,46.65,F
1825,M,S,16432.1,21,Budget,Intnl_discount,109.78,F
1826,M,M,62797.9,54,Budget,Intnl_discount,68.09,F
1827,M,S,71329.9,42,Budget,Standard,63.75,F
1831,F,S,20913.6,53,FreeLocal,Standard,95.93,F
1834,F,S,540.4,39,Budget,Intnl_discount,20.1,F
1838,M,M,67339.8,17,FreeLocal,Intnl_discount,81.72,F
1840,M,M,75799.9,46,FreeLocal,Intnl_discount,94.06,F
1841,F,S,15688.5,53,Budget,Standard,22.42,F
1842,F,S,43382.3,16,FreeLocal,Standard,138.37,F
1844,F,S,5185.31,62,FreeLocal,Intnl_discount,52.9,F
1845,F,S,35089,16,Budget,Standard,134.45,F
1846,F,S,37000,22,Budget,Intnl_discount,106.53,F
1848,F,M,80087.7,42,FreeLocal,Standard,31.56,F
1849,F,M,59691.3,38,Budget,Standard,278.65,F
1851,F,S,11251.1,47,FreeLocal,Standard,141.91,F
1853,M,M,70908.7,50,FreeLocal,Standard,55.47,F
1854,M,S,94928.3,40,FreeLocal,Standard,93.78,F
1856,F,M,50622.3,40,FreeLocal,Standard,112.72,F
1858,M,M,100020,46,FreeLocal,Intnl_discount,39.32,F
1862,M,M,69000,52,Budget,Standard,92.37,F
1863,M,S,37626,34,Budget,Intnl_discount,87.12,F
1865,F,M,56722.8,61,FreeLocal,Standard,74.77,F
1867,M,M,120000,64,Budget,Intnl_discount,3.22,F
1868,F,S,3416.62,23,Budget,Standard,123.7,F
1869,F,M,73069.1,56,Budget,Standard,10.39,F
1870,M,M,80000,53,FreeLocal,Standard,40.9,F
1871,F,M,8032.16,46,FreeLocal,Standard,88.77,F
1872,F,D,93454.3,49,FreeLocal,Standard,44.13,F
1873,M,M,5745,15,FreeLocal,Standard,44.11,F
1875,F,S,92564.1,49,FreeLocal,Standard,74.86,F
1879,F,M,48322.5,49,FreeLocal,Standard,50.29,F
1882,F,M,81913.8,50,FreeLocal,Standard,53.03,F
1885,F,S,919.93,38,Budget,Standard,120.71,F
1886,F,M,69486.8,31,Budget,Standard,17.11,F
1887,F,M,24482.8,34,Budget,Intnl_discount,2,F
1890,F,M,92103.8,52,Budget,Standard,14.86,F
1891,F,S,8392.14,37,Budget,Intnl_discount,87.16,F
1892,F,S,17138.2,64,FreeLocal,Intnl_discount,104.69,F
1894,F,M,47010.1,57,Budget,Intnl_discount,167.31,F
1896,F,S,67239.4,44,FreeLocal,Intnl_discount,66.7,F
1897,M,M,69406.7,47,FreeLocal,Standard,142.23,F
1899,F,M,83259.3,51,Budget,Standard,4.46,F
1902,M,M,20818.5,13,FreeLocal,Standard,63.28,F
1906,F,M,2185.6,53,Budget,Standard,28.07,F
1908,M,M,76511.3,62,FreeLocal,Standard,42.52,F
1910,F,M,6946.07,20,FreeLocal,Standard,34.61,F
1911,F,M,11234.7,49,Budget,Standard,113.42,F
1913,F,M,36660.9,40,Budget,Intnl_discount,3.36,F
1915,F,M,68462.8,34,FreeLocal,Standard,90.84,F
1918,F,M,72841.3,47,Budget,Standard,82.53,F
1919,M,M,63670.8,46,FreeLocal,Standard,78.87,F
1922,M,M,12387.6,56,FreeLocal,Standard,93.85,F
1924,F,M,82931.3,65,FreeLocal,Standard,137.25,F
1925,F,M,57483.9,44,Budget,Standard,44.3,F
1927,F,S,21274,46,FreeLocal,Standard,43.31,F
1928,F,M,28267,30,FreeLocal,Standard,214.41,F
1930,F,M,36725.1,56,Budget,Standard,94.88,F
1934,M,S,94188.3,58,Budget,Standard,41.51,F
1937,F,M,91861,42,Budget,Standard,22.06,F
1940,F,S,12374.9,33,FreeLocal,Standard,123.59,F
1941,F,M,69133.9,27,FreeLocal,Standard,46.32,F
1943,F,M,84948,29,FreeLocal,Intnl_discount,23.73,F
1944,F,M,30998.8,41,Budget,Standard,52.91,F
1950,M,M,21416.5,36,FreeLocal,Intnl_discount,27.61,F
1954,M,S,78554.2,17,Budget,Standard,35.88,F
1955,M,S,3960.5,15,FreeLocal,Standard,96.13,F
1957,M,M,60101.1,64,FreeLocal,Standard,157.96,F
1958,F,M,38215.9,31,Budget,Standard,0.97,F
1959,F,M,13829.4,19,FreeLocal,Standard,176.61,F
1960,F,M,49745.3,48,Budget,Intnl_discount,27.28,F
1962,F,M,88427,14,Budget,Standard,69.97,F
1963,F,M,98003.7,26,FreeLocal,Intnl_discount,84.42,F
1964,M,S,89142.7,54,Budget,Intnl_discount,16.91,F
1965,F,S,74530.8,63,FreeLocal,Intnl_discount,127.89,F
1967,F,S,30000,23,Budget,Standard,265.78,F
1972,F,M,76289.2,48,Budget,Intnl_discount,104.63,F
1974,M,M,66931.9,64,Budget,Standard,17.46,F
1975,M,M,9309.57,25,FreeLocal,Standard,108.3,F
1976,F,M,14085.5,24,FreeLocal,Intnl_discount,48.08,F
1977,F,S,32962.6,24,Budget,Intnl_discount,168.28,F
1978,F,S,35000,23,Budget,Standard,65.79,F
1979,F,S,39000,22,Budget,Standard,41.78,F
1980,F,S,77726.4,57,Budget,Intnl_discount,23.52,F
1981,F,S,42000,19,FreeLocal,Standard,62.95,F
1982,F,S,2800.68,46,Budget,Standard,134.75,F
1986,F,M,90271.6,45,FreeLocal,Standard,110.4,F
1991,F,M,64816.6,31,Budget,Standard,27.87,F
1992,F,M,98217.1,45,FreeLocal,Standard,42.74,F
1994,F,S,2929.13,54,Budget,Intnl_discount,102.23,F
1996,F,M,41876.6,44,FreeLocal,Standard,139.44,F
1997,M,M,96223.4,65,FreeLocal,Standard,18.18,F
1998,F,S,15989.3,62,Budget,Intnl_discount,29.17,F
1999,M,M,69168.4,62,Budget,Standard,234.91,F
2000,M,M,92148.5,30,Budget,Intnl_discount,113.68,F
2001,M,M,96681,20,Budget,Standard,73.76,F
2002,M,S,62705.9,38,FreeLocal,Intnl_discount,33.44,F
2003,M,S,80221.2,29,FreeLocal,Standard,50.48,F
2004,M,S,84479.2,39,FreeLocal,Standard,56.23,F
2005,F,M,64977.4,38,FreeLocal,Standard,45.77,F
2006,F,M,77994,51,FreeLocal,Standard,102.02,F
2007,M,M,90103.7,35,Budget,Intnl_discount,66.45,F
2008,F,M,59008.4,30,Budget,Standard,31.59,F
2009,M,S,5265.35,53,Budget,Intnl_discount,31.1,F
2010,M,S,84978.1,22,FreeLocal,Intnl_discount,88.79,F
2011,F,M,36647.9,50,Budget,Intnl_discount,107.38,F
2012,F,S,64319.2,41,Budget,Intnl_discount,40.16,F
2013,F,S,73338,48,Budget,Intnl_discount,29.93,F
2014,F,S,433.74,61,FreeLocal,Standard,44.22,F
2015,F,M,16962.2,45,Budget,Standard,27.57,F
2017,M,M,10708.3,26,Budget,Intnl_discount,142.95,F
2020,F,M,2031.61,20,Budget,Standard,109.04,F
2024,F,S,16938.5,46,FreeLocal,Standard,22.11,F
2027,F,M,55221,61,FreeLocal,Standard,15.69,F
2028,F,M,8073.11,55,FreeLocal,Standard,89.05,F
2029,M,M,95448.6,54,Budget,Standard,29.46,F
2030,M,S,24141.5,17,FreeLocal,Standard,125.87,F
2031,M,S,63152.6,63,Budget,Intnl_discount,70.01,F
2032,M,S,31952,34,Budget,Standard,4.87,F
2033,M,S,72084.7,56,Budget,Intnl_discount,38.13,F
2034,F,S,42760.5,52,Budget,Standard,53.7,F
2035,F,S,49072,42,Budget,Intnl_discount,34.25,F
2036,F,M,27371.8,43,FreeLocal,Standard,142.7,F
2040,M,M,71472.9,42,Budget,Standard,130.22,F
2041,F,M,95405.7,55,Budget,Standard,13.96,F
2042,F,S,95786.8,52,Budget,Standard,108.79,F
2044,M,S,90321.6,55,FreeLocal,Intnl_discount,12.39,F
2045,M,D,90478.6,55,FreeLocal,Standard,154.49,F
2046,F,M,56187,46,Budget,Standard,21.83,F
2050,F,S,35089,24,Budget,Intnl_discount,229.64,F
2052,M,M,9780.66,25,FreeLocal,Standard,21.39,F
2056,M,M,53010.8,19,FreeLocal,Standard,58.87,F
2057,M,M,75004.5,65,Budget,Intnl_discount,58.72,F
2060,M,M,19749.3,60,Budget,Standard,34.17,F
2061,M,S,57626.9,44,Budget,Standard,48.35,F
2062,M,M,20078,33,Budget,Intnl_discount,15.98,F
2063,F,M,47902,26,FreeLocal,Standard,72.31,F
2064,M,M,7545.96,17,Budget,Standard,200.75,F
2068,M,S,89459.9,53,FreeLocal,Standard,36.05,F
2071,F,S,13576.5,39,Budget,Standard,40.49,F
2073,F,M,42031.8,51,Budget,Intnl_discount,59.78,F
2078,M,S,43634.5,22,Budget,Standard,143.5,F
2082,F,S,13109.1,63,Budget,Standard,62.87,F
2083,M,S,92647.5,56,Budget,Standard,32.13,F
2084,M,S,21021.6,63,Budget,Standard,14.95,F
2085,M,S,74460.7,55,FreeLocal,Standard,206.46,F
2087,F,S,28787.4,42,Budget,Standard,86.06,F
2090,M,M,13091.6,59,Budget,Intnl_discount,43.06,F
2093,F,M,62061.8,46,FreeLocal,Standard,82.08,F
2094,F,M,20550.9,22,Budget,Standard,85.64,F
2097,M,M,1765.41,19,FreeLocal,Standard,47.99,F
2098,F,S,19131.1,56,Budget,Standard,57.07,F
2101,M,M,47870.8,27,FreeLocal,Standard,13.82,F
2102,F,S,6440.46,48,Budget,Standard,49.86,F
2104,M,M,28766.9,47,Budget,Standard,64.2,F
2106,M,M,5252.29,16,Budget,Standard,19.73,F
2109,M,M,91272.2,25,FreeLocal,Standard,40,F
2114,F,S,73228.3,53,Budget,Standard,50.58,F
2117,M,M,64792.3,52,FreeLocal,Standard,51.41,F
2119,F,S,93322.1,40,Budget,Intnl_discount,38.72,F
2122,M,M,49910.7,52,Budget,Standard,51.14,F
2123,M,M,76161.4,45,FreeLocal,Standard,37.55,F
2124,F,M,55860,15,FreeLocal,Intnl_discount,26.37,F
2131,M,M,57360.8,53,FreeLocal,Standard,67.61,F
2132,M,M,92414.7,46,FreeLocal,Standard,40.06,F
2134,F,S,14578.8,61,Budget,Standard,107.02,F
2135,F,M,87578.2,53,Budget,Standard,22.44,F
2136,F,M,86695.4,14,FreeLocal,Standard,58.03,F
2140,F,M,83287,41,FreeLocal,Intnl_discount,119.82,F
2141,M,M,2067.82,48,Budget,Intnl_discount,85.9,F
2144,M,M,30665.2,23,FreeLocal,Standard,77.44,F
2145,F,M,83287,47,FreeLocal,Intnl_discount,37.04,F
2146,F,M,98680.4,42,FreeLocal,Intnl_discount,26.44,F
2147,M,M,65619.7,46,Budget,Standard,158.22,F
2148,F,M,95620.3,43,Budget,Standard,104.53,F
2149,F,S,85275,47,FreeLocal,Intnl_discount,174.09,F
2150,F,M,66921.4,62,FreeLocal,Intnl_discount,24.67,F
2151,F,M,98453.6,41,FreeLocal,Standard,25.38,F
2153,F,S,57420,46,Budget,Standard,277.72,F
2154,M,M,66000,46,FreeLocal,Standard,34.35,F
2155,M,M,47639.1,48,Budget,Intnl_discount,57.11,F
2158,F,S,39461,22,FreeLocal,Standard,126.68,F
2159,M,M,47371,55,Budget,Intnl_discount,270.97,F
2162,M,S,16432.1,21,Budget,Intnl_discount,109.78,F
2165,F,S,540.4,39,Budget,Intnl_discount,20.1,F
2167,F,M,80087.7,42,FreeLocal,Standard,31.56,F
2168,F,M,59691.3,38,Budget,Standard,278.65,F
2169,F,S,11251.1,53,FreeLocal,Standard,141.91,F
2173,F,S,93559.1,58,Budget,Standard,31.42,F
2174,F,S,3416.62,23,Budget,Standard,123.7,F
2175,F,S,93454.3,49,FreeLocal,Standard,44.13,F
2176,M,M,5745,15,FreeLocal,Standard,44.11,F
2181,M,S,60095.2,23,Budget,Standard,117.85,F
2182,F,M,6946.07,20,FreeLocal,Standard,34.61,F
2183,F,M,11234.7,49,Budget,Standard,113.42,F
2184,M,M,12387.6,56,FreeLocal,Standard,93.85,F
2185,F,M,82931.3,65,FreeLocal,Standard,137.25,F
2186,F,M,57483.9,44,Budget,Standard,44.3,F
2188,F,S,21274,46,FreeLocal,Standard,43.31,F
2189,F,M,28267,30,FreeLocal,Standard,214.41,F
2191,F,M,36725.1,56,Budget,Standard,94.88,F
2195,M,S,94188.3,58,Budget,Standard,41.51,F
2198,F,M,91861,42,Budget,Standard,22.06,F
2201,F,S,12374.9,33,FreeLocal,Standard,123.59,F
2202,F,M,69133.9,27,FreeLocal,Standard,46.32,F
2204,F,M,84948,29,FreeLocal,Intnl_discount,23.73,F
2205,F,M,30998.8,41,Budget,Standard,52.91,F
2207,M,S,15924.2,14,FreeLocal,Standard,1.46,F
2211,M,M,21416.5,36,FreeLocal,Intnl_discount,27.61,F
2215,M,M,78554.2,17,Budget,Standard,35.88,F
2216,F,M,38215.9,31,Budget,Standard,0.97,F
2217,F,M,13829.4,21,FreeLocal,Standard,176.61,F
2218,F,M,49745.3,48,Budget,Intnl_discount,27.28,F
2220,F,M,88427,14,Budget,Standard,69.97,F
2221,F,M,98003.7,26,FreeLocal,Intnl_discount,84.42,F
2222,M,S,89142.7,54,Budget,Intnl_discount,16.91,F
2223,F,S,74530.8,63,FreeLocal,Intnl_discount,127.89,F
2225,F,S,38000,24,Budget,Standard,265.78,F
2230,F,M,76289.2,48,Budget,Intnl_discount,104.63,F
2232,M,M,66931.9,64,Budget,Standard,17.46,F
2233,M,M,9309.57,25,FreeLocal,Standard,108.3,F
2234,F,M,32962.6,23,FreeLocal,Intnl_discount,48.08,F
2235,F,S,42000,24,Budget,Intnl_discount,168.28,F
2236,F,S,43000,21,Budget,Standard,65.79,F
2237,F,S,42000,22,Budget,Standard,41.78,F
2238,F,S,77726.4,57,Budget,Intnl_discount,23.52,F
2239,F,S,37000,23,FreeLocal,Standard,62.95,F
2240,F,S,2800.68,46,Budget,Standard,134.75,F
2243,F,M,90271.6,45,FreeLocal,Standard,110.4,F
2247,F,M,64816.6,31,Budget,Standard,27.87,F
2248,F,M,98217.1,45,FreeLocal,Standard,42.74,F
2251,F,S,15989.3,62,Budget,Intnl_discount,29.17,F
2252,M,M,92148.5,28,Budget,Intnl_discount,113.68,F
2253,M,M,96681,20,Budget,Standard,73.76,F
2254,M,S,62705.9,33,FreeLocal,Intnl_discount,33.44,F
2255,M,S,80221.2,29,FreeLocal,Standard,50.48,F
2256,M,S,84479.2,33,FreeLocal,Standard,56.23,F
2257,M,S,84978.1,22,FreeLocal,Intnl_discount,88.79,F
2258,F,M,36647.9,50,Budget,Intnl_discount,107.38,F
2259,F,S,64319.2,41,Budget,Intnl_discount,40.16,F
2260,F,S,73338,48,Budget,Intnl_discount,29.93,F
2261,F,S,433.74,61,FreeLocal,Standard,44.22,F
2262,F,M,16962.2,45,Budget,Standard,27.57,F
2264,M,M,10708.3,26,Budget,Intnl_discount,142.95,F
2267,F,M,2031.61,20,Budget,Standard,109.04,F
2270,F,S,16938.5,70,FreeLocal,Standard,22.11,F
2273,F,M,55221,55,FreeLocal,Standard,15.69,F
2274,F,M,8073.11,52,FreeLocal,Standard,89.05,F
2275,M,M,95448.6,54,Budget,Standard,29.46,F
2276,M,S,24141.5,17,FreeLocal,Standard,125.87,F
2277,M,S,63152.6,63,Budget,Intnl_discount,70.01,F
2279,M,S,72084.7,56,Budget,Intnl_discount,38.13,F
2280,F,S,42760.5,42,Budget,Standard,53.7,F
2281,F,S,49072,43,Budget,Intnl_discount,34.25,F
2282,F,M,27371.8,46,FreeLocal,Standard,142.7,F
2285,M,M,71472.9,42,Budget,Standard,130.22,F
2286,F,M,95405.7,46,Budget,Standard,13.96,F
2287,F,S,95786.8,47,Budget,Standard,108.79,F
2289,M,S,90321.6,55,FreeLocal,Intnl_discount,12.39,F
2290,M,S,90478.6,55,FreeLocal,Standard,154.49,F
2291,F,M,56187,48,Budget,Standard,21.83,F
2294,F,S,32098,24,Budget,Intnl_discount,229.64,F
2300,M,M,53010.8,19,FreeLocal,Standard,58.87,F
2301,M,M,75004.5,65,Budget,Intnl_discount,58.72,F
2304,M,M,19749.3,60,Budget,Standard,34.17,F
2305,M,S,57626.9,44,Budget,Standard,48.35,F
2306,M,M,20078,33,Budget,Intnl_discount,15.98,F
2307,F,M,47902,26,FreeLocal,Standard,72.31,F
2308,M,M,7545.96,17,Budget,Standard,200.75,F
2312,M,S,89459.9,53,FreeLocal,Standard,36.05,F
2315,F,S,13576.5,39,Budget,Standard,40.49,F
2317,F,M,42031.8,51,Budget,Intnl_discount,59.78,F
2322,M,S,43634.5,22,Budget,Standard,143.5,F
2326,F,S,13109.1,63,Budget,Standard,62.87,F
2327,M,S,92647.5,56,Budget,Standard,32.13,F
2328,F,S,21021.6,63,Budget,Standard,14.95,F
2329,M,S,74460.7,55,FreeLocal,Standard,206.46,F
2331,F,S,28787.4,42,Budget,Standard,86.06,F
2334,M,M,13091.6,59,Budget,Intnl_discount,43.06,F
2337,F,M,62061.8,46,FreeLocal,Standard,82.08,F
2338,F,M,20550.9,22,Budget,Standard,85.64,F
2341,M,M,1765.41,19,FreeLocal,Standard,47.99,F
2342,F,S,19131.1,56,Budget,Standard,57.07,F
2347,M,S,43634.5,22,Budget,Standard,143.5,F
2351,F,S,13109.1,63,Budget,Standard,62.87,F
2352,M,S,92647.5,56,Budget,Standard,32.13,F
2353,F,S,21021.6,63,Budget,Standard,14.95,F
2354,M,S,74460.7,55,FreeLocal,Standard,206.46,F
2356,F,S,28787.4,42,Budget,Standard,86.06,F
2359,M,M,13091.6,59,Budget,Intnl_discount,43.06,F
2362,F,M,62061.8,46,FreeLocal,Standard,82.08,F
2363,F,M,20550.9,22,Budget,Standard,85.64,F
2366,M,M,1765.41,19,FreeLocal,Standard,47.99,F
2367,F,S,19131.1,56,Budget,Standard,57.07,F
2371,F,S,6440.46,41,Budget,Standard,49.86,F
2372,M,M,63900.9,28,Budget,Standard,47.4,F
2373,M,M,28766.9,47,Budget,Standard,64.2,F
2377,M,S,72928.2,39,Budget,Standard,203.67,F
2378,M,M,91272.2,25,FreeLocal,Standard,40,F
2383,F,S,73228.3,43,Budget,Standard,50.58,F
2386,M,M,64792.3,52,FreeLocal,Standard,51.41,F
2388,F,S,93322.1,40,Budget,Intnl_discount,38.72,F
2391,M,M,49910.7,52,Budget,Standard,51.14,F
2392,M,M,76161.4,45,FreeLocal,Standard,37.55,F
2393,F,M,55860,15,FreeLocal,Intnl_discount,26.37,F
2400,M,M,57360.8,53,FreeLocal,Standard,67.61,F
2401,M,M,92414.7,46,FreeLocal,Standard,40.06,F
2403,F,S,14578.8,61,Budget,Standard,107.02,F
2404,F,M,87578.2,53,Budget,Standard,22.44,F
2405,F,M,86695.4,14,FreeLocal,Standard,58.03,F
2409,F,M,77000,42,FreeLocal,Intnl_discount,119.82,F
2410,M,M,2067.82,48,Budget,Intnl_discount,85.9,F
2413,M,M,30665.2,23,FreeLocal,Standard,77.44,F
2414,F,M,83287,52,FreeLocal,Intnl_discount,37.04,F
2415,F,M,98680.4,48,FreeLocal,Intnl_discount,26.44,F
2416,M,M,65619.7,53,Budget,Standard,158.22,F
2417,F,M,95620.3,53,Budget,Standard,104.53,F
2418,F,S,85275,62,FreeLocal,Intnl_discount,174.09,F
2419,F,M,66921.4,70,FreeLocal,Intnl_discount,24.67,F
2420,F,M,98453.6,61,FreeLocal,Standard,25.38,F
2422,F,S,57420,52,Budget,Standard,277.72,F
2423,M,M,70000,55,FreeLocal,Standard,34.35,F
2424,M,M,47639.1,41,Budget,Intnl_discount,57.11,F
2427,F,S,39461,22,FreeLocal,Standard,126.68,F
2428,M,M,47371,55,Budget,Intnl_discount,270.97,F
2429,F,S,89813.6,13,FreeLocal,Intnl_discount,166.18,F
2431,M,S,16432.1,21,Budget,Intnl_discount,109.78,F
2434,F,S,540.4,39,Budget,Intnl_discount,20.1,F
2436,F,M,80087.7,42,FreeLocal,Standard,31.56,F
2437,F,M,59691.3,38,Budget,Standard,278.65,F
2438,F,S,11251.1,41,FreeLocal,Standard,141.91,F
2442,F,S,93559.1,58,Budget,Standard,31.42,F
2443,F,S,3416.62,23,Budget,Standard,123.7,F
2444,F,D,93454.3,49,FreeLocal,Standard,44.13,F
2445,M,M,5745,15,FreeLocal,Standard,44.11,F
2451,F,M,13829.4,24,FreeLocal,Standard,34.61,F
2452,F,M,11234.7,49,Budget,Standard,113.42,F
2454,F,M,82931.3,65,FreeLocal,Standard,137.25,F
2455,F,M,57483.9,44,Budget,Standard,44.3,F
2457,F,S,21274,46,FreeLocal,Standard,43.31,F
2458,F,M,28267,30,FreeLocal,Standard,214.41,F
2460,F,M,36725.1,56,Budget,Standard,94.88,F
2464,M,S,94188.3,58,Budget,Standard,41.51,F
2467,F,M,91861,42,Budget,Standard,22.06,F
2470,F,S,12374.9,33,FreeLocal,Standard,123.59,F
2471,F,M,69133.9,27,FreeLocal,Standard,46.32,F
2473,F,M,84948,29,FreeLocal,Intnl_discount,23.73,F
2474,F,M,30998.8,41,Budget,Standard,52.91,F
2480,M,M,21416.5,36,FreeLocal,Intnl_discount,27.61,F
2484,M,S,78554.2,17,Budget,Standard,35.88,F
2485,F,M,38215.9,31,Budget,Standard,0.97,F
2486,F,M,30000,21,FreeLocal,Standard,176.61,F
2487,F,M,49745.3,48,Budget,Intnl_discount,27.28,F
2489,F,M,88427,14,Budget,Standard,69.97,F
2490,F,M,98003.7,26,FreeLocal,Intnl_discount,84.42,F
2491,M,S,89142.7,54,Budget,Intnl_discount,16.91,F
2492,F,S,74530.8,63,FreeLocal,Intnl_discount,127.89,F
2494,F,S,41000,22,Budget,Standard,265.78,F
2499,F,M,76289.2,48,Budget,Intnl_discount,104.63,F
2501,M,M,66931.9,64,Budget,Standard,17.46,F
2502,M,S,9309.57,25,FreeLocal,Standard,108.3,F
2503,F,M,32962.6,24,FreeLocal,Intnl_discount,48.08,F
2504,F,S,42000,21,Budget,Intnl_discount,168.28,F
2505,F,S,39000,22,Budget,Standard,65.79,F
2506,F,S,42000,20,Budget,Standard,41.78,F
2507,F,D,77726.4,57,Budget,Intnl_discount,23.52,F
2508,F,S,35089,18,FreeLocal,Standard,62.95,F
2509,F,S,2800.68,46,Budget,Standard,134.75,F
2512,F,M,90271.6,45,FreeLocal,Standard,110.4,F
2516,F,M,64816.6,31,Budget,Standard,27.87,F
2517,F,M,98217.1,45,FreeLocal,Standard,42.74,F
2520,F,S,15989.3,62,Budget,Intnl_discount,29.17,F
2526,M,S,84978.1,22,FreeLocal,Intnl_discount,88.79,F
2527,F,M,36647.9,50,Budget,Intnl_discount,107.38,F
2528,F,S,64319.2,41,Budget,Intnl_discount,40.16,F
2529,F,S,73338,48,Budget,Intnl_discount,29.93,F
2530,F,S,433.74,61,FreeLocal,Standard,44.22,F
2531,F,M,16962.2,45,Budget,Standard,27.57,F
2533,M,M,10708.3,26,Budget,Intnl_discount,142.95,F
2536,F,M,2031.61,20,Budget,Standard,109.04,F
2539,F,S,16938.5,42,FreeLocal,Standard,22.11,F
2542,F,M,55221,46,FreeLocal,Standard,15.69,F
2543,F,M,8073.11,47,FreeLocal,Standard,89.05,F
2544,M,M,95448.6,54,Budget,Standard,29.46,F
2545,M,S,24141.5,17,FreeLocal,Standard,125.87,F
2546,M,S,63152.6,63,Budget,Intnl_discount,70.01,F
2548,M,S,72084.7,56,Budget,Intnl_discount,38.13,F
2549,F,S,42760.5,48,Budget,Standard,53.7,F
2550,F,S,49072,53,Budget,Intnl_discount,34.25,F
2551,F,M,27371.8,62,FreeLocal,Standard,142.7,F
2554,M,M,71472.9,42,Budget,Standard,130.22,F
2555,F,M,95405.7,62,Budget,Standard,13.96,F
2556,F,S,95786.8,41,Budget,Standard,108.79,F
2558,M,S,90321.6,55,FreeLocal,Intnl_discount,12.39,F
2559,M,S,90478.6,55,FreeLocal,Standard,154.49,F
2560,F,M,56187,43,Budget,Standard,21.83,F
2563,F,S,35000,24,Budget,Intnl_discount,229.64,F
2565,M,M,9780.66,25,FreeLocal,Standard,21.39,F
2569,M,M,53010.8,19,FreeLocal,Standard,58.87,F
2570,M,M,75004.5,65,Budget,Intnl_discount,58.72,F
2573,M,M,19749.3,60,Budget,Standard,34.17,F
2574,M,S,57626.9,44,Budget,Standard,48.35,F
2575,M,S,20078,33,Budget,Intnl_discount,15.98,F
2576,F,M,47902,26,FreeLocal,Standard,72.31,F
2577,M,M,7545.96,17,Budget,Standard,200.75,F
2581,M,S,89459.9,53,FreeLocal,Standard,36.05,F
2584,F,S,13576.5,39,Budget,Standard,40.49,F
2586,F,M,42031.8,51,Budget,Intnl_discount,59.78,F
2591,M,S,43634.5,22,Budget,Standard,143.5,F
2595,F,S,13109.1,63,Budget,Standard,62.87,F
2596,M,S,92647.5,56,Budget,Standard,32.13,F
2597,F,S,21021.6,63,Budget,Standard,14.95,F
2598,M,S,74460.7,55,FreeLocal,Standard,206.46,F
2599,F,M,43894.5,40,FreeLocal,Intnl_discount,69.67,F
2600,F,S,28787.4,42,Budget,Standard,86.06,F
2601,F,S,94278.7,53,FreeLocal,Standard,36.35,F
2602,F,M,83900.2,45,FreeLocal,Intnl_discount,36.83,F
2603,M,M,13091.6,59,Budget,Intnl_discount,43.06,F
2604,F,M,91708.4,37,Budget,Intnl_discount,48.77,F
2605,F,S,64335,19,FreeLocal,Standard,154.34,F
2606,F,M,62061.8,46,FreeLocal,Standard,82.08,F
2607,F,M,20550.9,22,Budget,Standard,85.64,F
2608,F,S,76142,32,FreeLocal,Standard,112.53,F
2609,F,M,46513.5,30,Budget,Standard,58.78,F
2610,M,S,1765.41,19,FreeLocal,Standard,47.99,F
2611,F,S,19131.1,56,Budget,Standard,57.07,F
2612,F,S,98716.3,56,FreeLocal,Standard,43.13,F
2613,F,S,38280,34,FreeLocal,Intnl_discount,86.61,F
2615,F,S,6440.46,46,Budget,Standard,49.86,F
2616,M,M,63900.9,28,Budget,Standard,47.4,F
2617,M,M,28766.9,47,Budget,Standard,64.2,F
2618,F,M,56722.8,61,FreeLocal,Standard,74.77,F
2619,M,M,5252.29,16,Budget,Standard,19.73,F
2620,F,M,78851.3,48,FreeLocal,Standard,29.04,F
2621,M,S,72928.2,39,Budget,Standard,203.67,F
2622,M,M,91272.2,25,FreeLocal,Standard,40,F
2623,F,M,83891.9,61,Budget,Standard,74.4,F
2624,M,S,3601.71,49,Budget,Intnl_discount,125.6,F
2627,F,S,73228.3,70,Budget,Standard,50.58,F
2630,M,M,64792.3,52,FreeLocal,Standard,51.41,F
2632,F,S,93322.1,40,Budget,Intnl_discount,38.72,F
2635,M,M,49910.7,52,Budget,Standard,51.14,F
2636,M,M,76161.4,45,FreeLocal,Standard,37.55,F
2637,F,M,55860,15,FreeLocal,Intnl_discount,26.37,F
2644,M,M,57360.8,53,FreeLocal,Standard,67.61,F
2645,M,M,92414.7,46,FreeLocal,Standard,40.06,F
2647,F,S,14578.8,61,Budget,Standard,107.02,F
2648,F,M,87578.2,53,Budget,Standard,22.44,F
2649,F,M,86695.4,14,FreeLocal,Standard,58.03,F
2653,F,M,66666,60,FreeLocal,Intnl_discount,119.82,F
2654,M,M,2067.82,48,Budget,Intnl_discount,85.9,F
2657,M,S,30665.2,23,FreeLocal,Standard,77.44,F
2658,F,M,77000,48,FreeLocal,Intnl_discount,37.04,F
2659,F,M,98680.4,43,FreeLocal,Intnl_discount,26.44,F
2660,M,M,65619.7,46,Budget,Standard,158.22,F
2661,F,M,95620.3,46,Budget,Standard,104.53,F
2662,F,S,85275,70,FreeLocal,Intnl_discount,174.09,F
2663,F,M,66921.4,55,FreeLocal,Intnl_discount,24.67,F
2664,F,M,98453.6,52,FreeLocal,Standard,25.38,F
2666,F,S,57420,43,Budget,Standard,277.72,F
2667,M,M,58986.2,27,FreeLocal,Standard,34.35,F
2668,F,M,47639.1,61,Budget,Intnl_discount,57.11,F
2671,F,S,39461,22,FreeLocal,Standard,126.68,F
2672,M,M,47371,55,Budget,Intnl_discount,270.97,F
2673,F,S,89813.6,13,FreeLocal,Intnl_discount,166.18,F
2675,M,S,16432.1,21,Budget,Intnl_discount,109.78,F
2678,F,S,540.4,39,Budget,Intnl_discount,20.1,F
2680,F,M,80087.7,42,FreeLocal,Standard,31.56,F
2681,F,M,59691.3,38,Budget,Standard,278.65,F
2682,F,S,11251.1,46,FreeLocal,Standard,141.91,F
2685,M,S,37626,34,Budget,Intnl_discount,87.12,F
2687,F,S,3416.62,23,Budget,Standard,123.7,F
2688,F,S,93454.3,49,FreeLocal,Standard,44.13,F
2689,M,M,5745,15,FreeLocal,Standard,44.11,F
2695,F,M,13829.4,20,FreeLocal,Standard,34.61,F
2696,F,M,11234.7,49,Budget,Standard,113.42,F
2698,F,M,82931.3,65,FreeLocal,Standard,137.25,F
2699,F,M,57483.9,44,Budget,Standard,44.3,F
2701,F,S,21274,46,FreeLocal,Standard,43.31,F
2702,F,M,28267,30,FreeLocal,Standard,214.41,F
2704,F,M,36725.1,56,Budget,Standard,94.88,F
2708,M,S,94188.3,58,Budget,Standard,41.51,F
2711,F,M,91861,42,Budget,Standard,22.06,F
2714,F,S,12374.9,33,FreeLocal,Standard,123.59,F
2715,F,M,69133.9,27,FreeLocal,Standard,46.32,F
2717,F,M,84948,29,FreeLocal,Intnl_discount,23.73,F
2718,F,M,30998.8,41,Budget,Standard,52.91,F
2720,M,S,15924.2,14,FreeLocal,Standard,1.46,F
2724,M,M,21416.5,36,FreeLocal,Intnl_discount,27.61,F
2728,M,M,78554.2,17,Budget,Standard,35.88,F
2729,F,M,38215.9,31,Budget,Standard,0.97,F
2730,F,M,14085.5,19,FreeLocal,Standard,176.61,F
2731,F,M,49745.3,48,Budget,Intnl_discount,27.28,F
2733,F,M,88427,14,Budget,Standard,69.97,F
2734,F,M,98003.7,26,FreeLocal,Intnl_discount,84.42,F
2735,M,S,89142.7,32,Budget,Intnl_discount,16.91,F
2736,F,S,74530.8,63,FreeLocal,Intnl_discount,127.89,F
2738,F,S,32962.6,23,Budget,Standard,265.78,F
2743,F,M,76289.2,48,Budget,Intnl_discount,104.63,F
2745,M,M,66931.9,64,Budget,Standard,17.46,F
2746,M,M,9309.57,25,FreeLocal,Standard,108.3,F
2747,F,M,42000,24,FreeLocal,Intnl_discount,48.08,F
2748,F,S,43000,24,Budget,Intnl_discount,168.28,F
2749,F,S,42000,23,Budget,Standard,65.79,F
2750,F,S,32098,22,Budget,Standard,41.78,F
2751,F,S,77726.4,57,Budget,Intnl_discount,23.52,F
2752,F,S,35000,19,FreeLocal,Standard,62.95,F
2753,F,S,2800.68,46,Budget,Standard,134.75,F
2756,F,M,90271.6,45,FreeLocal,Standard,110.4,F
2760,F,M,64816.6,31,Budget,Standard,27.87,F
2761,F,M,98217.1,45,FreeLocal,Standard,42.74,F
2764,F,S,15989.3,62,Budget,Intnl_discount,29.17,F
2770,M,S,84978.1,22,FreeLocal,Intnl_discount,88.79,F
2771,F,M,36647.9,50,Budget,Intnl_discount,107.38,F
2772,F,S,64319.2,41,Budget,Intnl_discount,40.16,F
2773,F,S,73338,48,Budget,Intnl_discount,29.93,F
2774,F,S,433.74,61,FreeLocal,Standard,44.22,F
2775,F,M,16962.2,45,Budget,Standard,27.57,F
2777,M,M,10708.3,26,Budget,Intnl_discount,142.95,F
2780,F,M,2031.61,20,Budget,Standard,109.04,F
2783,F,S,16938.5,46,FreeLocal,Standard,22.11,F
2786,F,M,55221,48,FreeLocal,Standard,15.69,F
2787,F,M,8073.11,53,FreeLocal,Standard,89.05,F
2788,M,M,95448.6,54,Budget,Standard,29.46,F
2789,M,S,24141.5,17,FreeLocal,Standard,125.87,F
2790,M,S,63152.6,63,Budget,Intnl_discount,70.01,F
2792,M,S,72084.7,56,Budget,Intnl_discount,38.13,F
2793,F,S,42760.5,62,Budget,Standard,53.7,F
2794,F,S,49072,41,Budget,Intnl_discount,34.25,F
2795,F,M,27371.8,43,FreeLocal,Standard,142.7,F
2798,M,M,71472.9,42,Budget,Standard,130.22,F
2799,F,M,95405.7,70,Budget,Standard,13.96,F
2800,F,S,95786.8,58,Budget,Standard,108.79,F
2802,M,S,90321.6,55,FreeLocal,Intnl_discount,12.39,F
2803,M,S,90478.6,55,FreeLocal,Standard,154.49,F
2804,F,M,56187,53,Budget,Standard,21.83,F
2807,F,S,38000,24,Budget,Intnl_discount,229.64,F
2813,M,M,53010.8,19,FreeLocal,Standard,58.87,F
2814,M,M,75004.5,65,Budget,Intnl_discount,58.72,F
2817,M,M,19749.3,60,Budget,Standard,34.17,F
2818,M,S,57626.9,44,Budget,Standard,48.35,F
2819,M,M,20078,33,Budget,Intnl_discount,15.98,F
2820,F,M,47902,26,FreeLocal,Standard,72.31,F
2821,M,M,7545.96,17,Budget,Standard,200.75,F
2825,M,S,89459.9,53,FreeLocal,Standard,36.05,F
2827,F,S,37000,24,Budget,Intnl_discount,229.64,F
2829,M,M,9780.66,25,FreeLocal,Standard,21.39,F
2833,M,M,53010.8,19,FreeLocal,Standard,58.87,F
2834,M,M,75004.5,65,Budget,Intnl_discount,58.72,F
2837,M,M,19749.3,60,Budget,Standard,34.17,F
2838,M,S,57626.9,44,Budget,Standard,48.35,F
2839,M,M,20078,33,Budget,Intnl_discount,15.98,F
2840,F,M,47902,26,FreeLocal,Standard,72.31,F
2841,M,M,7545.96,17,Budget,Standard,200.75,F
2845,M,S,89459.9,53,FreeLocal,Standard,36.05,F
2848,F,S,13576.5,39,Budget,Standard,40.49,F
2850,F,M,42031.8,51,Budget,Intnl_discount,59.78,F
2851,F,S,97689.2,59,FreeLocal,Standard,14.87,F
2852,F,S,75397.8,58,FreeLocal,Standard,60.32,F
2853,F,M,49453.8,55,Budget,Standard,29.46,F
2854,M,M,92881.8,21,FreeLocal,Standard,93.57,F
2855,M,S,43634.5,22,Budget,Standard,143.5,F
2856,F,S,68641.5,48,FreeLocal,Intnl_discount,55.32,F
2857,F,M,50735.1,36,Budget,Standard,28.38,F
2858,F,M,52490.1,19,FreeLocal,Standard,29.62,F
2859,F,S,13109.1,63,Budget,Standard,62.87,F
2860,M,S,92647.5,56,Budget,Standard,32.13,F
2861,F,S,21021.6,63,Budget,Standard,14.95,F
2862,M,S,74460.7,55,FreeLocal,Standard,206.46,F
2863,F,M,43894.5,40,FreeLocal,Intnl_discount,69.67,F
2864,F,S,28787.4,42,Budget,Standard,86.06,F
2865,F,S,94278.7,53,FreeLocal,Standard,36.35,F
2866,F,M,83900.2,45,FreeLocal,Intnl_discount,36.83,F
2867,M,M,13091.6,59,Budget,Intnl_discount,43.06,F
2868,F,M,91708.4,37,Budget,Intnl_discount,48.77,F
2870,F,M,62061.8,46,FreeLocal,Standard,82.08,F
2871,F,M,20550.9,22,Budget,Standard,85.64,F
2874,M,M,1765.41,19,FreeLocal,Standard,47.99,F
2875,F,S,19131.1,56,Budget,Standard,57.07,F
2879,F,S,6440.46,61,Budget,Standard,49.86,F
2881,M,M,28766.9,47,Budget,Standard,64.2,F
2886,M,M,91272.2,25,FreeLocal,Standard,40,F
2891,F,S,73228.3,55,Budget,Standard,50.58,F
2894,M,M,64792.3,52,FreeLocal,Standard,51.41,F
2896,F,S,93322.1,40,Budget,Intnl_discount,38.72,F
2899,M,M,49910.7,52,Budget,Standard,51.14,F
2900,M,M,76161.4,45,FreeLocal,Standard,37.55,F
2901,F,M,55860,15,FreeLocal,Intnl_discount,26.37,F
2908,M,M,57360.8,53,FreeLocal,Standard,67.61,F
2909,M,M,92414.7,46,FreeLocal,Standard,40.06,F
2911,F,S,14578.8,61,Budget,Standard,107.02,F
2912,F,M,87578.2,53,Budget,Standard,22.44,F
2913,F,M,86695.4,14,FreeLocal,Standard,58.03,F
2917,F,M,68000,45,FreeLocal,Intnl_discount,119.82,F
2918,M,M,2067.82,48,Budget,Intnl_discount,85.9,F
2921,M,M,30665.2,23,FreeLocal,Standard,77.44,F
2922,F,M,80000,63,FreeLocal,Intnl_discount,37.04,F
2923,F,M,98680.4,59,FreeLocal,Intnl_discount,26.44,F
2924,F,M,65619.7,55,Budget,Standard,158.22,F
2925,F,M,95620.3,49,Budget,Standard,104.53,F
2926,F,D,85275,52,FreeLocal,Intnl_discount,174.09,F
2927,F,M,66921.4,42,FreeLocal,Intnl_discount,24.67,F
2928,F,M,98453.6,43,FreeLocal,Standard,25.38,F
2930,F,S,57420,47,Budget,Standard,277.72,F
2931,M,M,58986.2,27,FreeLocal,Standard,34.35,F
2932,F,M,47639.1,42,Budget,Intnl_discount,57.11,F
2935,F,S,39461,22,FreeLocal,Standard,126.68,F
2936,M,M,47371,55,Budget,Intnl_discount,270.97,F
2937,F,S,89813.6,13,FreeLocal,Intnl_discount,166.18,F
2939,M,S,16432.1,21,Budget,Intnl_discount,109.78,F
2942,F,S,540.4,39,Budget,Intnl_discount,20.1,F
2944,F,M,80087.7,42,FreeLocal,Standard,31.56,F
2945,F,M,59691.3,38,Budget,Standard,278.65,F
2946,F,S,11251.1,61,FreeLocal,Standard,141.91,F
2951,F,S,3416.62,23,Budget,Standard,123.7,F
2952,F,S,93454.3,49,FreeLocal,Standard,44.13,F
2953,M,M,5745,15,FreeLocal,Standard,44.11,F
2959,F,M,30000,20,FreeLocal,Standard,34.61,F
2960,F,M,11234.7,49,Budget,Standard,113.42,F
2962,F,M,82931.3,65,FreeLocal,Standard,137.25,F
2963,F,M,57483.9,44,Budget,Standard,44.3,F
2965,F,S,21274,46,FreeLocal,Standard,43.31,F
2966,F,M,28267,30,FreeLocal,Standard,214.41,F
2968,F,M,36725.1,56,Budget,Standard,94.88,F
2972,M,S,94188.3,58,Budget,Standard,41.51,F
2975,F,M,91861,42,Budget,Standard,22.06,F
2978,F,S,12374.9,33,FreeLocal,Standard,123.59,F
2979,F,M,69133.9,27,FreeLocal,Standard,46.32,F
2981,F,M,84948,29,FreeLocal,Intnl_discount,23.73,F
2982,F,M,30998.8,41,Budget,Standard,52.91,F
2984,M,S,15924.2,14,FreeLocal,Standard,1.46,F
2988,M,M,21416.5,36,FreeLocal,Intnl_discount,27.61,F
2992,M,M,78554.2,17,Budget,Standard,35.88,F
2993,F,M,38215.9,31,Budget,Standard,0.97,F
2994,F,M,14085.5,21,FreeLocal,Standard,176.61,F
2995,F,M,49745.3,48,Budget,Intnl_discount,27.28,F
2997,F,M,88427,14,Budget,Standard,69.97,F
2998,F,M,98003.7,26,FreeLocal,Intnl_discount,84.42,F
2999,M,S,89142.7,54,Budget,Intnl_discount,16.91,F
3000,F,S,74530.8,63,FreeLocal,Intnl_discount,127.89,F
3002,F,S,32962.6,24,Budget,Standard,265.78,F
3007,F,M,76289.2,48,Budget,Intnl_discount,104.63,F
3009,M,M,66931.9,64,Budget,Standard,17.46,F
3010,M,S,9309.57,25,FreeLocal,Standard,108.3,F
3011,F,M,28000,23,FreeLocal,Intnl_discount,48.08,F
3012,F,S,38000,24,Budget,Intnl_discount,168.28,F
3013,F,S,32962.6,21,Budget,Standard,65.79,F
3014,F,S,42000,22,Budget,Standard,41.78,F
3015,F,D,77726.4,57,Budget,Intnl_discount,23.52,F
3016,F,S,43000,23,FreeLocal,Standard,62.95,F
3017,F,S,2800.68,46,Budget,Standard,134.75,F
3020,F,M,90271.6,45,FreeLocal,Standard,110.4,F
3024,F,M,64816.6,31,Budget,Standard,27.87,F
3025,F,M,98217.1,45,FreeLocal,Standard,42.74,F
3028,F,S,15989.3,62,Budget,Intnl_discount,29.17,F
3034,M,S,84978.1,22,FreeLocal,Intnl_discount,88.79,F
3035,F,M,36647.9,50,Budget,Intnl_discount,107.38,F
3036,F,S,64319.2,41,Budget,Intnl_discount,40.16,F
3037,F,S,73338,48,Budget,Intnl_discount,29.93,F
3038,F,S,433.74,61,FreeLocal,Standard,44.22,F
3039,F,M,16962.2,45,Budget,Standard,27.57,F
3041,M,M,10708.3,26,Budget,Intnl_discount,142.95,F
3044,F,M,2031.61,20,Budget,Standard,109.04,F
3047,F,S,16938.5,48,FreeLocal,Standard,22.11,F
3050,F,M,55221,62,FreeLocal,Standard,15.69,F
3051,F,M,8073.11,41,FreeLocal,Standard,89.05,F
3052,M,M,95448.6,54,Budget,Standard,29.46,F
3053,M,S,24141.5,17,FreeLocal,Standard,125.87,F
3054,M,S,63152.6,63,Budget,Intnl_discount,70.01,F
3056,M,S,72084.7,56,Budget,Intnl_discount,38.13,F
3057,F,S,42760.5,43,Budget,Standard,53.7,F
3058,F,S,49072,46,Budget,Intnl_discount,34.25,F
3059,F,M,27371.8,70,FreeLocal,Standard,142.7,F
3062,M,M,71472.9,42,Budget,Standard,130.22,F
3063,F,M,95405.7,47,Budget,Standard,13.96,F
3064,F,S,95786.8,58,Budget,Standard,108.79,F
3066,M,S,90321.6,38,FreeLocal,Intnl_discount,12.39,F
3067,M,S,90478.6,55,FreeLocal,Standard,154.49,F
3068,F,M,56187,43,Budget,Standard,21.83,F
3071,F,S,41000,24,Budget,Intnl_discount,229.64,F
3077,M,M,53010.8,19,FreeLocal,Standard,58.87,F
3078,M,M,75004.5,65,Budget,Intnl_discount,58.72,F
3081,M,M,19749.3,60,Budget,Standard,34.17,F
3082,M,S,57626.9,44,Budget,Standard,48.35,F
3083,M,D,20078,33,Budget,Intnl_discount,15.98,F
3084,F,M,47902,26,FreeLocal,Standard,72.31,F
3085,M,M,7545.96,17,Budget,Standard,200.75,F
3089,M,S,89459.9,53,FreeLocal,Standard,36.05,F
3092,F,S,13576.5,39,Budget,Standard,40.49,F
3094,F,M,42031.8,51,Budget,Intnl_discount,59.78,F
3099,M,S,43634.5,22,Budget,Standard,143.5,F
3103,F,S,13109.1,63,Budget,Standard,62.87,F
3104,M,S,92647.5,56,Budget,Standard,32.13,F
3105,F,S,21021.6,63,Budget,Standard,14.95,F
3106,M,S,74460.7,55,FreeLocal,Standard,206.46,F
3108,F,S,28787.4,42,Budget,Standard,86.06,F
3111,M,M,13091.6,59,Budget,Intnl_discount,43.06,F
3114,F,M,62061.8,46,FreeLocal,Standard,82.08,F
3115,F,M,20550.9,22,Budget,Standard,85.64,F
3118,M,S,1765.41,19,FreeLocal,Standard,47.99,F
3119,F,S,19131.1,56,Budget,Standard,57.07,F
3123,F,S,6440.46,52,Budget,Standard,49.86,F
3125,M,M,28766.9,47,Budget,Standard,64.2,F
3130,M,M,91272.2,25,FreeLocal,Standard,40,F
3135,F,S,73228.3,42,Budget,Standard,50.58,F
3138,M,M,64792.3,52,FreeLocal,Standard,51.41,F
3140,F,S,93322.1,40,Budget,Intnl_discount,38.72,F
3143,M,M,49910.7,52,Budget,Standard,51.14,F
3144,M,M,76161.4,45,FreeLocal,Standard,37.55,F
3145,F,M,55860,15,FreeLocal,Intnl_discount,26.37,F
3152,M,M,57360.8,53,FreeLocal,Standard,67.61,F
3153,M,M,92414.7,46,FreeLocal,Standard,40.06,F
3155,F,S,14578.8,61,Budget,Standard,107.02,F
3156,F,M,87578.2,53,Budget,Standard,22.44,F
3157,F,M,86695.4,14,FreeLocal,Standard,58.03,F
3158,M,M,5306.11,39,Budget,Standard,22.94,F
3161,F,M,83287,44,FreeLocal,Intnl_discount,119.82,F
3162,M,M,2067.82,48,Budget,Intnl_discount,85.9,F
3165,M,M,30665.2,23,FreeLocal,Standard,77.44,F
3166,F,M,78000,56,FreeLocal,Intnl_discount,37.04,F
3167,F,M,98680.4,59,FreeLocal,Intnl_discount,26.44,F
3168,F,M,65619.7,46,Budget,Standard,158.22,F
3169,M,M,95620.3,49,Budget,Standard,104.53,F
3170,F,S,85275,47,FreeLocal,Intnl_discount,174.09,F
3171,F,M,66921.4,43,FreeLocal,Intnl_discount,24.67,F
3172,F,M,98453.6,46,FreeLocal,Standard,25.38,F
3174,F,S,57420,48,Budget,Standard,277.72,F
3175,M,M,68000,67,FreeLocal,Standard,34.35,F
3176,F,M,47639.1,48,Budget,Intnl_discount,57.11,F
3177,M,M,3911.9,38,Budget,Intnl_discount,39.36,F
3179,F,S,39461,22,FreeLocal,Standard,126.68,F
3180,M,M,47371,55,Budget,Intnl_discount,270.97,F
3183,M,S,16432.1,21,Budget,Intnl_discount,109.78,F
3186,F,S,540.4,39,Budget,Intnl_discount,20.1,F
3188,F,M,80087.7,42,FreeLocal,Standard,31.56,F
3189,F,M,59691.3,38,Budget,Standard,278.65,F
3190,F,S,11251.1,52,FreeLocal,Standard,141.91,F
3194,F,S,93559.1,58,Budget,Standard,31.42,F
3195,F,S,3416.62,23,Budget,Standard,123.7,F
3196,F,S,93454.3,49,FreeLocal,Standard,44.13,F
3197,M,M,5745,15,FreeLocal,Standard,44.11,F
3204,F,M,11234.7,49,Budget,Standard,113.42,F
3206,F,M,82931.3,65,FreeLocal,Standard,137.25,F
3207,F,M,57483.9,44,Budget,Standard,44.3,F
3209,F,S,21274,46,FreeLocal,Standard,43.31,F
3210,F,M,28267,30,FreeLocal,Standard,214.41,F
3212,F,M,36725.1,56,Budget,Standard,94.88,F
3216,M,S,94188.3,58,Budget,Standard,41.51,F
3219,F,M,91861,42,Budget,Standard,22.06,F
3222,F,S,12374.9,33,FreeLocal,Standard,123.59,F
3223,F,M,69133.9,27,FreeLocal,Standard,46.32,F
3225,F,M,84948,29,FreeLocal,Intnl_discount,23.73,F
3226,F,M,30998.8,41,Budget,Standard,52.91,F
3228,M,S,15924.2,14,FreeLocal,Standard,1.46,F
3232,M,M,21416.5,36,FreeLocal,Intnl_discount,27.61,F
3236,M,M,78554.2,17,Budget,Standard,35.88,F
3237,F,M,38215.9,31,Budget,Standard,0.97,F
3239,F,M,49745.3,48,Budget,Intnl_discount,27.28,F
3241,F,M,88427,14,Budget,Standard,69.97,F
3242,F,M,98003.7,26,FreeLocal,Intnl_discount,84.42,F
3243,M,S,89142.7,54,Budget,Intnl_discount,16.91,F
3244,F,S,74530.8,63,FreeLocal,Intnl_discount,127.89,F
3251,F,M,76289.2,48,Budget,Intnl_discount,104.63,F
3253,M,M,66931.9,64,Budget,Standard,17.46,F
3254,M,M,9309.57,25,FreeLocal,Standard,108.3,F
3259,F,S,77726.4,57,Budget,Intnl_discount,23.52,F
3261,F,S,2800.68,46,Budget,Standard,134.75,F
3264,F,M,90271.6,45,FreeLocal,Standard,110.4,F
3268,F,M,64816.6,31,Budget,Standard,27.87,F
3269,F,M,98217.1,45,FreeLocal,Standard,42.74,F
3272,F,S,15989.3,62,Budget,Intnl_discount,29.17,F
3278,M,S,84978.1,22,FreeLocal,Intnl_discount,88.79,F
3279,F,M,36647.9,50,Budget,Intnl_discount,107.38,F
3280,F,S,64319.2,41,Budget,Intnl_discount,40.16,F
3281,F,S,73338,48,Budget,Intnl_discount,29.93,F
3282,F,S,433.74,61,FreeLocal,Standard,44.22,F
3283,F,M,16962.2,45,Budget,Standard,27.57,F
3285,M,M,10708.3,26,Budget,Intnl_discount,142.95,F
3288,F,M,2031.61,20,Budget,Standard,109.04,F
3291,F,S,16938.5,53,FreeLocal,Standard,22.11,F
3294,F,M,55221,41,FreeLocal,Standard,15.69,F
3295,F,M,8073.11,43,FreeLocal,Standard,89.05,F
3296,M,M,95448.6,54,Budget,Standard,29.46,F
3297,M,S,24141.5,17,FreeLocal,Standard,125.87,F
3298,M,S,63152.6,63,Budget,Intnl_discount,70.01,F
3300,M,S,72084.7,56,Budget,Intnl_discount,38.13,F
3301,F,S,42760.5,46,Budget,Standard,53.7,F
3302,F,S,49072,70,Budget,Intnl_discount,34.25,F
3303,F,M,27371.8,61,FreeLocal,Standard,142.7,F
3306,M,M,71472.9,42,Budget,Standard,130.22,F
3307,M,M,95405.7,47,Budget,Standard,13.96,F
3308,M,S,95786.8,58,Budget,Standard,108.79,F
3310,M,S,90321.6,39,FreeLocal,Intnl_discount,12.39,F
3311,M,D,90478.6,55,FreeLocal,Standard,154.49,F
3312,F,M,56187,41,Budget,Standard,21.83,F
3315,F,S,42000,24,Budget,Intnl_discount,229.64,F
3317,M,M,9780.66,25,FreeLocal,Standard,21.39,F
3321,M,M,53010.8,19,FreeLocal,Standard,58.87,F
3322,M,M,75004.5,65,Budget,Intnl_discount,58.72,F
3325,M,M,19749.3,60,Budget,Standard,34.17,F
3326,M,S,57626.9,44,Budget,Standard,48.35,F
3327,M,D,20078,33,Budget,Intnl_discount,15.98,F
3328,F,M,47902,26,FreeLocal,Standard,72.31,F
3329,M,M,7545.96,17,Budget,Standard,200.75,F
3333,M,S,89459.9,53,FreeLocal,Standard,36.05,F
3336,F,S,13576.5,39,Budget,Standard,40.49,F
3338,F,M,42031.8,51,Budget,Intnl_discount,59.78,F
3343,M,S,43634.5,22,Budget,Standard,143.5,F
3347,F,S,13109.1,63,Budget,Standard,62.87,F
3348,M,S,92647.5,56,Budget,Standard,32.13,F
3349,F,S,21021.6,63,Budget,Standard,14.95,F
3350,M,S,74460.7,55,FreeLocal,Standard,206.46,F
3352,F,S,28787.4,42,Budget,Standard,86.06,F
3355,M,M,13091.6,59,Budget,Intnl_discount,43.06,F
3358,F,M,62061.8,46,FreeLocal,Standard,82.08,F
3359,F,M,20550.9,22,Budget,Standard,85.64,F
3362,M,M,1765.41,19,FreeLocal,Standard,47.99,F
3363,F,S,19131.1,56,Budget,Standard,57.07,F
3367,F,S,6440.46,42,Budget,Standard,49.86,F
3369,M,M,28766.9,47,Budget,Standard,64.2,F
3374,M,M,91272.2,25,FreeLocal,Standard,40,F
3379,F,S,73228.3,43,Budget,Standard,50.58,F
3382,M,M,64792.3,52,FreeLocal,Standard,51.41,F
3384,F,S,93322.1,40,Budget,Intnl_discount,38.72,F
3387,M,M,49910.7,52,Budget,Standard,51.14,F
3388,M,M,76161.4,45,FreeLocal,Standard,37.55,F
3389,F,M,55860,15,FreeLocal,Intnl_discount,26.37,F
3396,M,M,57360.8,53,FreeLocal,Standard,67.61,F
3397,M,M,92414.7,46,FreeLocal,Standard,40.06,F
3399,F,S,14578.8,61,Budget,Standard,107.02,F
3400,F,M,87578.2,53,Budget,Standard,22.44,F
3401,F,M,86695.4,14,FreeLocal,Standard,58.03,F
3402,M,M,5306.11,39,Budget,Standard,22.94,F
3405,F,M,83287,59,FreeLocal,Intnl_discount,119.82,F
3406,M,M,2067.82,48,Budget,Intnl_discount,85.9,F
3409,M,M,30665.2,23,FreeLocal,Standard,77.44,F
3410,F,M,83287,49,FreeLocal,Intnl_discount,37.04,F
3411,M,M,98680.4,59,FreeLocal,Intnl_discount,26.44,F
3412,F,M,65619.7,53,Budget,Standard,158.22,F
3413,M,M,95620.3,49,Budget,Standard,104.53,F
3414,F,D,85275,62,FreeLocal,Intnl_discount,174.09,F
3415,F,M,66921.4,47,FreeLocal,Intnl_discount,24.67,F
3416,F,M,98453.6,48,FreeLocal,Standard,25.38,F
3418,F,S,57420,62,Budget,Standard,277.72,F
3419,M,M,66000,41,FreeLocal,Standard,34.35,F
3420,F,M,47639.1,41,Budget,Intnl_discount,57.11,F
3423,F,S,39461,22,FreeLocal,Standard,126.68,F
3424,M,M,47371,55,Budget,Intnl_discount,270.97,F
3425,F,S,89813.6,13,FreeLocal,Intnl_discount,166.18,F
3427,M,S,16432.1,21,Budget,Intnl_discount,109.78,F
3430,F,S,540.4,39,Budget,Intnl_discount,20.1,F
3432,F,M,80087.7,42,FreeLocal,Standard,31.56,F
3433,F,M,59691.3,38,Budget,Standard,278.65,F
3434,F,S,11251.1,62,FreeLocal,Standard,141.91,F
3438,F,S,93559.1,58,Budget,Standard,31.42,F
3439,F,S,3416.62,23,Budget,Standard,123.7,F
3440,F,S,93454.3,49,FreeLocal,Standard,44.13,F
3441,M,M,5745,15,FreeLocal,Standard,44.11,F
3448,F,M,11234.7,49,Budget,Standard,113.42,F
3450,F,M,82931.3,65,FreeLocal,Standard,137.25,F
3451,F,M,57483.9,44,Budget,Standard,44.3,F
3453,F,S,21274,46,FreeLocal,Standard,43.31,F
3454,F,M,28267,30,FreeLocal,Standard,214.41,F
3456,F,M,36725.1,56,Budget,Standard,94.88,F
3460,M,S,94188.3,58,Budget,Standard,41.51,F
3463,F,M,91861,42,Budget,Standard,22.06,F
3466,F,S,12374.9,33,FreeLocal,Standard,123.59,F
3467,F,M,69133.9,27,FreeLocal,Standard,46.32,F
3469,F,M,84948,29,FreeLocal,Intnl_discount,23.73,F
3470,F,M,30998.8,41,Budget,Standard,52.91,F
3476,M,S,21416.5,36,FreeLocal,Intnl_discount,27.61,F
3480,M,M,78554.2,17,Budget,Standard,35.88,F
3481,F,M,38215.9,31,Budget,Standard,0.97,F
3483,F,M,49745.3,48,Budget,Intnl_discount,27.28,F
3485,F,M,88427,14,Budget,Standard,69.97,F
3486,F,M,98003.7,26,FreeLocal,Intnl_discount,84.42,F
3487,M,S,89142.7,54,Budget,Intnl_discount,16.91,F
3488,F,S,74530.8,63,FreeLocal,Intnl_discount,127.89,F
3495,F,M,76289.2,48,Budget,Intnl_discount,104.63,F
3497,M,M,66931.9,64,Budget,Standard,17.46,F
3498,F,M,9309.57,25,FreeLocal,Standard,108.3,F
3503,F,S,77726.4,57,Budget,Intnl_discount,23.52,F
3505,F,S,2800.68,46,Budget,Standard,134.75,F
3508,F,M,90271.6,45,FreeLocal,Standard,110.4,F
3512,F,M,64816.6,31,Budget,Standard,27.87,F
3513,F,M,98217.1,45,FreeLocal,Standard,42.74,F
3516,F,S,15989.3,62,Budget,Intnl_discount,29.17,F
3522,M,S,84978.1,22,FreeLocal,Intnl_discount,88.79,F
3523,F,M,36647.9,50,Budget,Intnl_discount,107.38,F
3524,F,S,64319.2,41,Budget,Intnl_discount,40.16,F
3525,F,S,73338,48,Budget,Intnl_discount,29.93,F
3526,F,S,433.74,61,FreeLocal,Standard,44.22,F
3527,F,M,16962.2,45,Budget,Standard,27.57,F
3529,M,M,10708.3,26,Budget,Intnl_discount,142.95,F
3532,F,M,2031.61,20,Budget,Standard,109.04,F
3535,F,S,16938.5,41,FreeLocal,Standard,22.11,F
3538,F,M,55221,46,FreeLocal,Standard,15.69,F
3539,F,M,8073.11,70,FreeLocal,Standard,89.05,F
3540,M,M,95448.6,54,Budget,Standard,29.46,F
3541,M,S,24141.5,17,FreeLocal,Standard,125.87,F
3542,M,S,63152.6,63,Budget,Intnl_discount,70.01,F
3544,M,S,72084.7,56,Budget,Intnl_discount,38.13,F
3545,F,S,42760.5,61,Budget,Standard,53.7,F
3546,F,S,49072,55,Budget,Intnl_discount,34.25,F
3547,F,M,27371.8,52,FreeLocal,Standard,142.7,F
3550,M,M,71472.9,42,Budget,Standard,130.22,F
3551,M,M,95405.7,47,Budget,Standard,13.96,F
3552,M,S,95786.8,58,Budget,Standard,108.79,F
3554,M,S,90321.6,55,FreeLocal,Intnl_discount,12.39,F
3555,M,S,90478.6,55,FreeLocal,Standard,154.49,F
3556,F,M,56187,43,Budget,Standard,21.83,F
3559,F,S,35089,24,Budget,Intnl_discount,229.64,F
3565,M,M,53010.8,19,FreeLocal,Standard,58.87,F
3566,M,M,75004.5,65,Budget,Intnl_discount,58.72,F
3569,M,M,19749.3,60,Budget,Standard,34.17,F
3570,M,S,57626.9,44,Budget,Standard,48.35,F
3571,M,S,20078,33,Budget,Intnl_discount,15.98,F
3572,F,M,47902,26,FreeLocal,Standard,72.31,F
3573,M,M,7545.96,17,Budget,Standard,200.75,F
3577,M,S,89459.9,53,FreeLocal,Standard,36.05,F
3580,F,S,13576.5,39,Budget,Standard,40.49,F
3582,F,M,42031.8,51,Budget,Intnl_discount,59.78,F
3587,M,S,43634.5,22,Budget,Standard,143.5,F
3591,F,S,13109.1,63,Budget,Standard,62.87,F
3592,M,S,92647.5,56,Budget,Standard,32.13,F
3593,F,S,21021.6,63,Budget,Standard,14.95,F
3594,M,S,74460.7,55,FreeLocal,Standard,206.46,F
3596,F,S,28787.4,42,Budget,Standard,86.06,F
3599,M,M,13091.6,59,Budget,Intnl_discount,43.06,F
3602,F,M,62061.8,46,FreeLocal,Standard,82.08,F
3603,F,M,20550.9,22,Budget,Standard,85.64,F
3606,M,M,1765.41,19,FreeLocal,Standard,47.99,F
3607,F,S,19131.1,56,Budget,Standard,57.07,F
3611,F,S,6440.46,41,Budget,Standard,49.86,F
3613,M,S,28766.9,47,Budget,Standard,64.2,F
3618,M,M,91272.2,25,FreeLocal,Standard,40,F
3623,F,S,73228.3,43,Budget,Standard,50.58,F
3626,M,M,64792.3,52,FreeLocal,Standard,51.41,F
3628,F,S,93322.1,40,Budget,Intnl_discount,38.72,F
3631,M,M,49910.7,52,Budget,Standard,51.14,F
3632,M,M,76161.4,45,FreeLocal,Standard,37.55,F
3633,F,M,55860,15,FreeLocal,Intnl_discount,26.37,F
3640,M,M,57360.8,53,FreeLocal,Standard,67.61,F
3641,M,M,92414.7,46,FreeLocal,Standard,40.06,F
3643,F,S,14578.8,61,Budget,Standard,107.02,F
3644,F,M,87578.2,53,Budget,Standard,22.44,F
3645,F,M,86695.4,14,FreeLocal,Standard,58.03,F
3649,F,M,77000,47,FreeLocal,Intnl_discount,119.82,F
3650,M,M,2067.82,48,Budget,Intnl_discount,85.9,F
3653,F,M,30665.2,23,FreeLocal,Standard,77.44,F
3654,F,M,83287,46,FreeLocal,Intnl_discount,37.04,F
3655,M,M,98680.4,59,FreeLocal,Intnl_discount,26.44,F
3656,F,M,65619.7,46,Budget,Standard,158.22,F
3657,M,M,95620.3,49,Budget,Standard,104.53,F
3658,F,S,85275,70,FreeLocal,Intnl_discount,174.09,F
3659,F,M,66921.4,70,FreeLocal,Intnl_discount,24.67,F
3660,F,M,98453.6,61,FreeLocal,Standard,25.38,F
3662,F,S,57420,52,Budget,Standard,277.72,F
3663,M,M,70000,42,FreeLocal,Standard,34.35,F
3664,F,M,47639.1,61,Budget,Intnl_discount,57.11,F
3667,F,S,39461,22,FreeLocal,Standard,126.68,F
3668,M,M,47371,55,Budget,Intnl_discount,270.97,F
3671,M,S,16432.1,21,Budget,Intnl_discount,109.78,F
3672,F,M,67388,53,Budget,Standard,96.33,F
3673,F,M,84166.1,54,Budget,Standard,15.02,F
3674,F,S,540.4,39,Budget,Intnl_discount,20.1,F
3675,M,M,59613.1,34,Budget,Intnl_discount,175.78,F
3676,F,M,80087.7,42,FreeLocal,Standard,31.56,F
3677,F,M,59691.3,38,Budget,Standard,278.65,F
3678,F,S,11251.1,43,FreeLocal,Standard,141.91,F
3679,M,M,45429.7,62,FreeLocal,Standard,97.74,F
3680,M,M,67388,53,Budget,Standard,96.33,F
3681,M,M,84166.1,54,Budget,Standard,15.02,F
3682,F,S,93559.1,58,Budget,Standard,31.42,F
3683,F,S,3416.62,23,Budget,Standard,123.7,F
3684,F,D,93454.3,49,FreeLocal,Standard,44.13,F
3685,M,M,5745,15,FreeLocal,Standard,44.11,F
3686,M,M,59613.1,34,Budget,Intnl_discount,175.78,F
3687,M,M,45429.7,62,FreeLocal,Standard,97.74,F
3688,M,M,67388,53,Budget,Standard,96.33,F
3689,M,M,84166.1,54,Budget,Standard,15.02,F
3690,M,S,60095.2,23,Budget,Standard,117.85,F
3692,F,M,11234.7,49,Budget,Standard,113.42,F
3694,F,M,82931.3,65,FreeLocal,Standard,137.25,F
3695,F,M,57483.9,44,Budget,Standard,44.3,F
3696,M,M,59613.1,34,Budget,Intnl_discount,175.78,F
3697,F,S,21274,46,FreeLocal,Standard,43.31,F
3698,F,M,28267,30,FreeLocal,Standard,214.41,F
3699,M,M,45429.7,62,FreeLocal,Standard,97.74,F
3700,F,M,36725.1,56,Budget,Standard,94.88,F
3701,M,M,67388,53,Budget,Standard,96.33,F
3702,M,M,84166.1,54,Budget,Standard,15.02,F
3703,M,M,67388,53,Budget,Standard,96.33,F
3704,M,S,94188.3,58,Budget,Standard,41.51,F
3705,M,D,84166.1,33,Budget,Standard,15.02,F
3706,M,M,59613.1,34,Budget,Intnl_discount,175.78,F
3707,F,M,91861,42,Budget,Standard,22.06,F
3708,M,M,45429.7,62,FreeLocal,Standard,97.74,F
3709,M,M,67388,53,Budget,Standard,96.33,F
3710,F,S,12374.9,33,FreeLocal,Standard,123.59,F
3711,F,M,69133.9,27,FreeLocal,Standard,46.32,F
3712,M,M,84166.1,54,Budget,Standard,15.02,F
3713,F,M,84948,29,FreeLocal,Intnl_discount,23.73,F
3714,F,M,30998.8,41,Budget,Standard,52.91,F
3715,M,M,59613.1,34,Budget,Intnl_discount,200.5,F
3716,M,M,45429.7,62,FreeLocal,Standard,97.74,F
3717,M,M,67388,53,Budget,Standard,96.33,F
3718,M,M,84166.1,54,Budget,Standard,15.02,F
3719,M,M,59613.1,34,Budget,Intnl_discount,134.67,F
3720,M,M,21416.5,36,FreeLocal,Intnl_discount,27.61,F
3721,M,M,45429.7,62,FreeLocal,Standard,97.74,F
3722,M,M,67388,53,Budget,Standard,96.33,F
3723,M,M,84166.1,54,Budget,Standard,15.02,F
3724,M,S,78554.2,17,Budget,Standard,35.88,F
3725,F,M,38215.9,31,Budget,Standard,0.97,F
3727,F,M,49745.3,48,Budget,Intnl_discount,27.28,F
3728,M,M,59613.1,34,Budget,Intnl_discount,175.78,F
3729,F,M,88427,14,Budget,Standard,69.97,F
3730,F,M,98003.7,26,FreeLocal,Intnl_discount,84.42,F
3731,M,S,89142.7,54,Budget,Intnl_discount,16.91,F
3732,F,S,74530.8,63,FreeLocal,Intnl_discount,127.89,F
3739,F,M,76289.2,48,Budget,Intnl_discount,104.63,F
3741,M,M,66931.9,64,Budget,Standard,17.46,F
3742,F,M,9309.57,25,FreeLocal,Standard,108.3,F
3747,F,S,77726.4,57,Budget,Intnl_discount,23.52,F
3749,F,S,2800.68,46,Budget,Standard,134.75,F
3752,F,M,90271.6,45,FreeLocal,Standard,110.4,F
3756,F,M,64816.6,31,Budget,Standard,27.87,F
3757,F,M,98217.1,45,FreeLocal,Standard,42.74,F
3760,F,S,15989.3,62,Budget,Intnl_discount,29.17,F
3766,M,S,84978.1,22,FreeLocal,Intnl_discount,88.79,F
3767,F,M,36647.9,50,Budget,Intnl_discount,107.38,F
3768,F,S,64319.2,41,Budget,Intnl_discount,40.16,F
3769,F,S,73338,48,Budget,Intnl_discount,29.93,F
3770,F,S,433.74,61,FreeLocal,Standard,44.22,F
3771,F,M,16962.2,45,Budget,Standard,27.57,F
3773,M,M,10708.3,26,Budget,Intnl_discount,142.95,F
3776,F,M,2031.61,20,Budget,Standard,109.04,F
3779,F,S,16938.5,42,FreeLocal,Standard,22.11,F
3782,F,M,55221,46,FreeLocal,Standard,15.69,F
3783,F,M,8073.11,47,FreeLocal,Standard,89.05,F
3784,M,M,95448.6,54,Budget,Standard,29.46,F
3785,M,S,24141.5,17,FreeLocal,Standard,125.87,F
3786,M,S,63152.6,63,Budget,Intnl_discount,70.01,F
3788,M,S,72084.7,56,Budget,Intnl_discount,38.13,F
3789,F,S,42760.5,48,Budget,Standard,53.7,F
3790,F,S,49072,53,Budget,Intnl_discount,34.25,F
3791,F,M,27371.8,62,FreeLocal,Standard,142.7,F
3794,M,M,71472.9,42,Budget,Standard,130.22,F
3795,M,M,95405.7,47,Budget,Standard,13.96,F
3796,M,S,95786.8,58,Budget,Standard,108.79,F
3798,M,S,90321.6,28,FreeLocal,Intnl_discount,12.39,F
3799,M,D,90478.6,55,FreeLocal,Standard,154.49,F
3800,F,M,56187,43,Budget,Standard,21.83,F
3801,M,M,28313.1,21,Budget,Standard,13.63,F
3803,M,M,29616,49,FreeLocal,Standard,75.29,F
3805,M,M,19732.8,51,FreeLocal,Standard,47.25,F
3806,M,S,41690.5,15,FreeLocal,Standard,31.45,F
3808,M,S,96.33,56,Budget,Standard,59.01,F
3811,F,M,52004.8,25,Budget,Intnl_discount,28.14,F
3821,F,S,78851.3,48,FreeLocal,Standard,29.04,F
3822,F,S,17540.7,63,Budget,Standard,36.2,F
3823,F,M,83891.9,61,Budget,Standard,74.4,F
3824,F,M,28220.8,39,FreeLocal,Standard,38.95,F
3825,F,S,28589.1,16,FreeLocal,Standard,100.28,F